{"textures":{"0":"modelengine:entity/rpg_rat_undead","particle":"#0"},"elements":[{"from":[4.597631,3.520338,-4.5344],"to":[14.597631,11.520338,2.4656],"faces":{"east":{"uv":[7.5,4.75,9.25,6.75],"tintindex":0,"rotation":0,"texture":"#0"},"south":{"uv":[6.0,0.0,8.5,2.0],"tintindex":0,"rotation":0,"texture":"#0"},"north":{"uv":[5.0,5.0,7.5,7.0],"tintindex":0,"rotation":0,"texture":"#0"},"west":{"uv":[7.5,6.75,9.25,8.75],"tintindex":0,"rotation":0,"texture":"#0"},"up":{"uv":[8.5,3.75,6.0,2.0],"tintindex":0,"rotation":0,"texture":"#0"},"down":{"uv":[7.5,7.0,5.0,8.75],"tintindex":0,"rotation":0,"texture":"#0"}}},{"from":[4.3047376,1.8132315,2.4656],"to":[4.3047376,3.8132315,12.4656],"faces":{"east":{"uv":[10.75,8.75,13.25,9.25],"tintindex":0,"rotation":0,"texture":"#0"},"west":{"uv":[13.25,8.75,10.75,9.25],"tintindex":0,"rotation":0,"texture":"#0"}},"rotation":{"origin":[4.3047376,2.8132315,7.4656],"angle":45.0,"axis":"z"}},{"from":[14.890524,1.8132315,2.4656],"to":[14.890524,3.8132315,12.4656],"faces":{"east":{"uv":[10.75,8.75,13.25,9.25],"tintindex":0,"rotation":0,"texture":"#0"},"west":{"uv":[13.25,8.75,10.75,9.25],"tintindex":0,"rotation":0,"texture":"#0"}},"rotation":{"origin":[14.890524,2.8132315,7.4656],"angle":-45.0,"axis":"z"}},{"from":[5.3047376,1.8132315,-4.5344],"to":[5.3047376,3.8132315,2.4656],"faces":{"east":{"uv":[11.5,4.25,13.25,4.75],"tintindex":0,"rotation":0,"texture":"#0"},"west":{"uv":[13.25,4.25,11.5,4.75],"tintindex":0,"rotation":0,"texture":"#0"}},"rotation":{"origin":[5.3047376,2.8132315,0.4656],"angle":45.0,"axis":"z"}},{"from":[3.597631,12.812524,12.171999],"to":[15.597631,12.812524,14.171999],"faces":{"up":{"uv":[13.5,1.75,10.5,1.25],"tintindex":0,"rotation":0,"texture":"#0"},"down":{"uv":[10.5,1.25,13.5,1.75],"tintindex":0,"rotation":0,"texture":"#0"}},"rotation":{"origin":[9.597631,12.812524,13.171999],"angle":45.0,"axis":"x"}},{"from":[9.597631,11.520338,-4.5344],"to":[9.597631,15.520338,12.4656],"faces":{"east":{"uv":[6.0,3.75,10.25,4.75],"tintindex":0,"rotation":0,"texture":"#0"},"west":{"uv":[10.25,3.75,6.0,4.75],"tintindex":0,"rotation":0,"texture":"#0"}}},{"from":[13.890524,1.8132315,-4.5344],"to":[13.890524,3.8132315,2.4656],"faces":{"east":{"uv":[11.5,4.25,13.25,4.75],"tintindex":0,"rotation":0,"texture":"#0"},"west":{"uv":[13.25,4.25,11.5,4.75],"tintindex":0,"rotation":0,"texture":"#0"}},"rotation":{"origin":[13.890524,2.8132315,0.4656],"angle":-45.0,"axis":"z"}},{"from":[3.597631,3.520338,2.4656],"to":[15.597631,13.520338,12.4656],"faces":{"east":{"uv":[0.0,5.0,2.5,7.5],"tintindex":0,"rotation":0,"texture":"#0"},"south":{"uv":[0.0,2.5,3.0,5.0],"tintindex":0,"rotation":0,"texture":"#0"},"north":{"uv":[0.0,0.0,3.0,2.5],"tintindex":0,"rotation":0,"texture":"#0"},"west":{"uv":[2.5,5.0,5.0,7.5],"tintindex":0,"rotation":0,"texture":"#0"},"up":{"uv":[6.0,2.5,3.0,0.0],"tintindex":0,"rotation":0,"texture":"#0"},"down":{"uv":[6.0,2.5,3.0,5.0],"tintindex":0,"rotation":0,"texture":"#0"}}}],"display":{"head":{"rotation":[0.0,0.0,0.0]},"firstperson_righthand":{"rotation":[0.0,0.0,0.0]},"thirdperson_lefthand":{"rotation":[0.0,-0.0,-0.0]},"firstperson_lefthand":{"rotation":[0.0,-0.0,-0.0]},"fixed":{"rotation":[0.0,0.0,0.0]},"ground":{"rotation":[0.0,0.0,0.0]},"thirdperson_righthand":{"rotation":[0.0,0.0,0.0]},"gui":{"rotation":[-150.0,-45.0,180.0]}}}