{"textures":{"0":"modelengine:entity/rpg_rat_undead","particle":"#0"},"elements":[{"from":[13.030968,5.0010004,6.3703737],"to":[13.030968,10.001,9.370374],"faces":{"east":{"uv":[12.5,0.0,11.75,1.25],"tintindex":0,"rotation":0,"texture":"#0"},"west":{"uv":[11.75,0.0,12.5,1.25],"tintindex":0,"rotation":0,"texture":"#0"}},"rotation":{"origin":[13.030968,7.5010004,7.8703737],"angle":45.0,"axis":"y"}},{"from":[8.440614,6.0000005,-3.5],"to":[15.440614,6.0000005,3.5],"faces":{"up":{"uv":[8.5,3.5,10.25,1.75],"tintindex":0,"rotation":0,"texture":"#0"},"down":{"uv":[8.5,1.75,10.25,3.5],"tintindex":0,"rotation":0,"texture":"#0"}},"rotation":{"origin":[10.940614,6.0000005,0.0],"angle":-22.5,"axis":"y"}},{"from":[8.970306,9.001,6.8097134],"to":[13.970306,14.001,6.8097134],"faces":{"south":{"uv":[10.25,3.5,11.5,4.75],"tintindex":0,"rotation":0,"texture":"#0"},"north":{"uv":[11.5,3.5,10.25,4.75],"tintindex":0,"rotation":0,"texture":"#0"}},"rotation":{"origin":[11.470306,11.501,6.8097134],"angle":22.5,"axis":"x"}},{"from":[5.970307,5.0010004,-4.1902866],"to":[9.970306,9.001,1.8097134],"faces":{"east":{"uv":[10.5,9.75,12.0,10.75],"tintindex":0,"rotation":0,"texture":"#0"},"south":{"uv":[11.5,3.25,12.5,4.25],"tintindex":0,"rotation":0,"texture":"#0"},"north":{"uv":[9.25,11.25,10.25,12.25],"tintindex":0,"rotation":0,"texture":"#0"},"west":{"uv":[10.75,6.25,12.25,7.25],"tintindex":0,"rotation":0,"texture":"#0"},"up":{"uv":[9.25,11.75,8.25,10.25],"tintindex":0,"rotation":0,"texture":"#0"},"down":{"uv":[7.25,10.5,6.25,12.0],"tintindex":0,"rotation":0,"texture":"#0"}}},{"from":[3.9703069,4.0010004,1.8097134],"to":[11.970306,11.001,7.8097134],"faces":{"east":{"uv":[9.25,6.25,10.75,8.0],"tintindex":0,"rotation":0,"texture":"#0"},"south":{"uv":[8.5,0.0,10.5,1.75],"tintindex":0,"rotation":0,"texture":"#0"},"north":{"uv":[0.0,8.5,2.0,10.25],"tintindex":0,"rotation":0,"texture":"#0"},"west":{"uv":[9.25,8.0,10.75,9.75],"tintindex":0,"rotation":0,"texture":"#0"},"up":{"uv":[9.25,10.25,7.25,8.75],"tintindex":0,"rotation":0,"texture":"#0"},"down":{"uv":[11.25,4.75,9.25,6.25],"tintindex":0,"rotation":0,"texture":"#0"}}},{"from":[2.9096465,5.0010004,6.3703737],"to":[2.9096465,10.001,9.370374],"faces":{"east":{"uv":[12.5,0.0,11.75,1.25],"tintindex":0,"rotation":0,"texture":"#0"},"west":{"uv":[11.75,0.0,12.5,1.25],"tintindex":0,"rotation":0,"texture":"#0"}},"rotation":{"origin":[2.9096465,7.5010004,7.8703737],"angle":-45.0,"axis":"y"}},{"from":[0.5,6.0000005,-3.5],"to":[7.5,6.0000005,3.5],"faces":{"up":{"uv":[10.25,3.5,8.5,1.75],"tintindex":0,"rotation":0,"texture":"#0"},"down":{"uv":[10.25,1.75,8.5,3.5],"tintindex":0,"rotation":0,"texture":"#0"}},"rotation":{"origin":[5.0,6.0000005,0.0],"angle":22.5,"axis":"y"}}],"display":{"head":{"rotation":[0.0,0.0,0.0]},"firstperson_righthand":{"rotation":[0.0,0.0,0.0]},"thirdperson_lefthand":{"rotation":[0.0,-0.0,-0.0]},"firstperson_lefthand":{"rotation":[0.0,-0.0,-0.0]},"fixed":{"rotation":[0.0,0.0,0.0]},"ground":{"rotation":[0.0,0.0,0.0]},"thirdperson_righthand":{"rotation":[0.0,0.0,0.0]},"gui":{"rotation":[-150.0,-45.0,180.0]}}}