{"textures":{"0":"modelengine:entity/rpg_rat_undead","particle":"#0"},"elements":[{"from":[7.0,7.0,3.0],"to":[9.0,9.0,8.0],"faces":{"east":{"uv":[12.5,3.75,13.75,4.25],"tintindex":0,"rotation":0,"texture":"#0"},"south":{"uv":[13.25,4.25,13.75,4.75],"tintindex":0,"rotation":0,"texture":"#0"},"north":{"uv":[12.25,13.0,12.75,13.5],"tintindex":0,"rotation":0,"texture":"#0"},"west":{"uv":[12.5,10.5,13.75,11.0],"tintindex":0,"rotation":0,"texture":"#0"},"up":{"uv":[0.5,14.0,0.0,12.75],"tintindex":0,"rotation":0,"texture":"#0"},"down":{"uv":[1.0,12.75,0.5,14.0],"tintindex":0,"rotation":0,"texture":"#0"}}}],"display":{"head":{"rotation":[0.0,0.0,0.0]},"firstperson_righthand":{"rotation":[0.0,0.0,0.0]},"thirdperson_lefthand":{"rotation":[0.0,-0.0,-0.0]},"firstperson_lefthand":{"rotation":[0.0,-0.0,-0.0]},"fixed":{"rotation":[0.0,0.0,0.0]},"ground":{"rotation":[0.0,0.0,0.0]},"thirdperson_righthand":{"rotation":[0.0,0.0,0.0]},"gui":{"rotation":[-150.0,-45.0,180.0]}}}