{"textures":{"0":"modelengine:entity/rpg_rat_undead","particle":"#0"},"elements":[{"from":[6.5,6.0,5.0],"to":[9.5,8.0,8.0],"faces":{"east":{"uv":[13.75,5.75,13.0,6.25],"tintindex":0,"rotation":0,"texture":"#0"},"south":{"uv":[13.75,5.25,13.0,5.75],"tintindex":0,"rotation":0,"texture":"#0"},"north":{"uv":[5.25,13.0,4.5,13.5],"tintindex":0,"rotation":0,"texture":"#0"},"west":{"uv":[13.75,4.75,13.0,5.25],"tintindex":0,"rotation":0,"texture":"#0"},"up":{"uv":[12.75,12.5,13.5,11.75],"tintindex":0,"rotation":0,"texture":"#0"},"down":{"uv":[12.75,12.5,13.5,13.25],"tintindex":0,"rotation":0,"texture":"#0"}}}],"display":{"head":{"rotation":[0.0,0.0,0.0]},"firstperson_righthand":{"rotation":[0.0,0.0,0.0]},"thirdperson_lefthand":{"rotation":[0.0,-0.0,-0.0]},"firstperson_lefthand":{"rotation":[0.0,-0.0,-0.0]},"fixed":{"rotation":[0.0,0.0,0.0]},"ground":{"rotation":[0.0,0.0,0.0]},"thirdperson_righthand":{"rotation":[0.0,0.0,0.0]},"gui":{"rotation":[-150.0,-45.0,180.0]}}}