{"textures":{"0":"modelengine:entity/rpg_rat_undead","particle":"#0"},"elements":[{"from":[9.75,3.25,12.125],"to":[9.75,10.25,14.125],"faces":{"east":{"uv":[6.5,12.0,6.0,13.75],"tintindex":0,"rotation":0,"texture":"#0"},"west":{"uv":[6.0,12.0,6.5,13.75],"tintindex":0,"rotation":0,"texture":"#0"}}},{"from":[5.75,3.25,5.125],"to":[9.75,10.25,12.125],"faces":{"east":{"uv":[7.25,8.75,5.5,10.5],"tintindex":0,"rotation":0,"texture":"#0"},"south":{"uv":[11.25,1.75,10.25,3.5],"tintindex":0,"rotation":0,"texture":"#0"},"north":{"uv":[2.25,10.25,1.25,12.0],"tintindex":0,"rotation":0,"texture":"#0"},"west":{"uv":[5.5,8.75,3.75,10.5],"tintindex":0,"rotation":0,"texture":"#0"},"up":{"uv":[2.25,12.0,3.25,10.25],"tintindex":0,"rotation":0,"texture":"#0"},"down":{"uv":[7.25,10.25,8.25,12.0],"tintindex":0,"rotation":0,"texture":"#0"}}},{"from":[5.75,0.25,8.125],"to":[9.75,3.25,12.125],"faces":{"east":{"uv":[13.25,6.25,12.25,7.0],"tintindex":0,"rotation":0,"texture":"#0"},"south":{"uv":[5.25,12.25,4.25,13.0],"tintindex":0,"rotation":0,"texture":"#0"},"north":{"uv":[13.0,9.75,12.0,10.5],"tintindex":0,"rotation":0,"texture":"#0"},"west":{"uv":[4.25,12.25,3.25,13.0],"tintindex":0,"rotation":0,"texture":"#0"},"up":{"uv":[11.5,11.75,12.5,10.75],"tintindex":0,"rotation":0,"texture":"#0"},"down":{"uv":[0.0,11.75,1.0,12.75],"tintindex":0,"rotation":0,"texture":"#0"}}}],"display":{"head":{"rotation":[0.0,0.0,0.0]},"firstperson_righthand":{"rotation":[0.0,0.0,0.0]},"thirdperson_lefthand":{"rotation":[0.0,-0.0,-0.0]},"firstperson_lefthand":{"rotation":[0.0,-0.0,-0.0]},"fixed":{"rotation":[0.0,0.0,0.0]},"ground":{"rotation":[0.0,0.0,0.0]},"thirdperson_righthand":{"rotation":[0.0,0.0,0.0]},"gui":{"rotation":[-150.0,-45.0,180.0]}}}