{"textures":{"0":"modelengine:entity/rpg_bat","particle":"#0"},"elements":[{"from":[6.5,8.886202,6.426899],"to":[9.5,10.886202,9.426899],"faces":{"east":{"uv":[7.5,6.5,9.0,7.5],"tintindex":0,"rotation":0,"texture":"#0"},"south":{"uv":[7.5,7.5,9.0,8.5],"tintindex":0,"rotation":0,"texture":"#0"},"north":{"uv":[7.5,5.5,9.0,6.5],"tintindex":0,"rotation":0,"texture":"#0"},"west":{"uv":[8.0,0.0,9.5,1.0],"tintindex":0,"rotation":0,"texture":"#0"},"up":{"uv":[6.5,6.0,5.0,4.5],"tintindex":0,"rotation":0,"texture":"#0"},"down":{"uv":[6.5,6.0,5.0,7.5],"tintindex":0,"rotation":0,"texture":"#0"}},"rotation":{"origin":[8.5,9.886202,6.926899],"angle":-45.0,"axis":"x"}},{"from":[7.0,6.886202,6.926899],"to":[9.0,10.886202,8.926899],"faces":{"east":{"uv":[6.5,6.5,7.5,8.5],"tintindex":0,"rotation":0,"texture":"#0"},"south":{"uv":[7.0,0.0,8.0,2.0],"tintindex":0,"rotation":0,"texture":"#0"},"north":{"uv":[6.5,4.5,7.5,6.5],"tintindex":0,"rotation":0,"texture":"#0"},"west":{"uv":[7.0,2.0,8.0,4.0],"tintindex":0,"rotation":0,"texture":"#0"},"up":{"uv":[10.0,2.0,9.0,1.0],"tintindex":0,"rotation":0,"texture":"#0"},"down":{"uv":[3.0,9.0,2.0,10.0],"tintindex":0,"rotation":0,"texture":"#0"}}}],"display":{"head":{"rotation":[0.0,0.0,0.0]},"firstperson_righthand":{"rotation":[0.0,0.0,0.0]},"thirdperson_lefthand":{"rotation":[0.0,-0.0,-0.0]},"firstperson_lefthand":{"rotation":[0.0,-0.0,-0.0]},"fixed":{"rotation":[0.0,0.0,0.0]},"ground":{"rotation":[0.0,0.0,0.0]},"thirdperson_righthand":{"rotation":[0.0,0.0,0.0]},"gui":{"rotation":[-150.0,-45.0,180.0]}}}