{"textures":{"0":"modelengine:entity/rpg_bat","particle":"#0"},"elements":[{"from":[8.5,8.5,8.0],"to":[10.5,11.5,8.0],"faces":{"south":{"uv":[6.0,7.5,5.0,9.0],"tintindex":0,"rotation":0,"texture":"#0"},"north":{"uv":[8.5,4.0,7.5,5.5],"tintindex":0,"rotation":0,"texture":"#0"}},"rotation":{"origin":[9.0,9.0,8.0],"angle":22.5,"axis":"x"}},{"from":[7.0,7.5,6.5],"to":[9.0,9.5,8.5],"faces":{"east":{"uv":[6.0,8.5,7.0,9.5],"tintindex":0,"rotation":0,"texture":"#0"},"south":{"uv":[7.0,8.5,8.0,9.5],"tintindex":0,"rotation":0,"texture":"#0"},"north":{"uv":[8.5,4.0,9.5,5.0],"tintindex":0,"rotation":0,"texture":"#0"},"west":{"uv":[8.0,8.5,9.0,9.5],"tintindex":0,"rotation":0,"texture":"#0"},"up":{"uv":[1.0,10.0,0.0,9.0],"tintindex":0,"rotation":0,"texture":"#0"},"down":{"uv":[2.0,9.0,1.0,10.0],"tintindex":0,"rotation":0,"texture":"#0"}}},{"from":[7.5,7.5,5.5],"to":[8.5,8.5,6.5],"faces":{"east":{"uv":[8.5,5.0,9.0,5.5],"tintindex":0,"rotation":0,"texture":"#0"},"south":{"uv":[5.0,9.0,5.5,9.5],"tintindex":0,"rotation":0,"texture":"#0"},"north":{"uv":[7.0,4.0,7.5,4.5],"tintindex":0,"rotation":0,"texture":"#0"},"west":{"uv":[9.0,5.0,9.5,5.5],"tintindex":0,"rotation":0,"texture":"#0"},"up":{"uv":[6.0,9.5,5.5,9.0],"tintindex":0,"rotation":0,"texture":"#0"},"down":{"uv":[9.5,5.5,9.0,6.0],"tintindex":0,"rotation":0,"texture":"#0"}}},{"from":[5.5,8.5,8.0],"to":[7.5,11.5,8.0],"faces":{"south":{"uv":[5.0,7.5,6.0,9.0],"tintindex":0,"rotation":0,"texture":"#0"},"north":{"uv":[7.5,4.0,8.5,5.5],"tintindex":0,"rotation":0,"texture":"#0"}},"rotation":{"origin":[7.0,9.0,8.0],"angle":22.5,"axis":"x"}}],"display":{"head":{"rotation":[0.0,0.0,0.0]},"firstperson_righthand":{"rotation":[0.0,0.0,0.0]},"thirdperson_lefthand":{"rotation":[0.0,-0.0,-0.0]},"firstperson_lefthand":{"rotation":[0.0,-0.0,-0.0]},"fixed":{"rotation":[0.0,0.0,0.0]},"ground":{"rotation":[0.0,0.0,0.0]},"thirdperson_righthand":{"rotation":[0.0,0.0,0.0]},"gui":{"rotation":[-150.0,-45.0,180.0]}}}