{"textures":{"0":"modelengine:entity/rpg_bat","particle":"#0"},"elements":[{"from":[7.0,5.5,8.25],"to":[8.0,6.5,9.25],"faces":{"east":{"uv":[9.0,6.5,9.5,7.0],"tintindex":0,"rotation":0,"texture":"#0"},"south":{"uv":[9.0,7.0,9.5,7.5],"tintindex":0,"rotation":0,"texture":"#0"},"north":{"uv":[9.0,6.0,9.5,6.5],"tintindex":0,"rotation":0,"texture":"#0"},"west":{"uv":[9.0,7.5,9.5,8.0],"tintindex":0,"rotation":0,"texture":"#0"},"up":{"uv":[9.5,8.5,9.0,8.0],"tintindex":0,"rotation":0,"texture":"#0"},"down":{"uv":[9.5,8.5,9.0,9.0],"tintindex":0,"rotation":0,"texture":"#0"}}},{"from":[7.0,6.5,7.25],"to":[8.0,8.5,9.25],"faces":{"east":{"uv":[9.0,2.0,10.0,3.0],"tintindex":0,"rotation":0,"texture":"#0"},"south":{"uv":[9.0,3.0,9.5,4.0],"tintindex":0,"rotation":0,"texture":"#0"},"north":{"uv":[6.0,7.5,6.5,8.5],"tintindex":0,"rotation":0,"texture":"#0"},"west":{"uv":[3.0,9.0,4.0,10.0],"tintindex":0,"rotation":0,"texture":"#0"},"up":{"uv":[4.5,10.0,4.0,9.0],"tintindex":0,"rotation":0,"texture":"#0"},"down":{"uv":[5.0,9.0,4.5,10.0],"tintindex":0,"rotation":0,"texture":"#0"}}},{"from":[7.0,4.2928925,7.75],"to":[8.0,5.2928925,8.75],"faces":{"east":{"uv":[9.5,0.0,10.0,0.5],"tintindex":0,"rotation":0,"texture":"#0"},"south":{"uv":[9.5,0.5,10.0,1.0],"tintindex":0,"rotation":0,"texture":"#0"},"north":{"uv":[9.0,9.0,9.5,9.5],"tintindex":0,"rotation":0,"texture":"#0"},"west":{"uv":[9.5,3.0,10.0,3.5],"tintindex":0,"rotation":0,"texture":"#0"},"up":{"uv":[10.0,4.0,9.5,3.5],"tintindex":0,"rotation":0,"texture":"#0"},"down":{"uv":[10.0,4.0,9.5,4.5],"tintindex":0,"rotation":0,"texture":"#0"}},"rotation":{"origin":[7.5,4.7928925,8.25],"angle":-45.0,"axis":"x"}}],"display":{"head":{"rotation":[0.0,0.0,0.0]},"firstperson_righthand":{"rotation":[0.0,0.0,0.0]},"thirdperson_lefthand":{"rotation":[0.0,-0.0,-0.0]},"firstperson_lefthand":{"rotation":[0.0,-0.0,-0.0]},"fixed":{"rotation":[0.0,0.0,0.0]},"ground":{"rotation":[0.0,0.0,0.0]},"thirdperson_righthand":{"rotation":[0.0,0.0,0.0]},"gui":{"rotation":[-150.0,-45.0,180.0]}}}