{"textures":{"0":"modelengine:entity/rpg_bat","particle":"#0"},"elements":[{"from":[8.0,4.0,8.0],"to":[14.0,13.0,8.0],"faces":{"south":{"uv":[5.0,4.5,2.5,9.0],"tintindex":0,"rotation":0,"texture":"#0"},"north":{"uv":[2.5,4.5,0.0,9.0],"tintindex":0,"rotation":0,"texture":"#0"}}}],"display":{"head":{"rotation":[0.0,0.0,0.0]},"firstperson_righthand":{"rotation":[0.0,0.0,0.0]},"thirdperson_lefthand":{"rotation":[0.0,-0.0,-0.0]},"firstperson_lefthand":{"rotation":[0.0,-0.0,-0.0]},"fixed":{"rotation":[0.0,0.0,0.0]},"ground":{"rotation":[0.0,0.0,0.0]},"thirdperson_righthand":{"rotation":[0.0,0.0,0.0]},"gui":{"rotation":[-150.0,-45.0,180.0]}}}