{"textures":{"0":"modelengine:entity/rpg_mushroom_red","particle":"#0"},"elements":[{"from":[5.0,7.0,5.0],"to":[11.0,14.0,11.0],"faces":{"east":{"uv":[11.5,3.5,13.0,5.25],"tintindex":0,"rotation":0,"texture":"#0"},"south":{"uv":[11.5,1.75,13.0,3.5],"tintindex":0,"rotation":0,"texture":"#0"},"north":{"uv":[10.0,3.0,11.5,4.75],"tintindex":0,"rotation":0,"texture":"#0"},"west":{"uv":[11.5,0.0,13.0,1.75],"tintindex":0,"rotation":0,"texture":"#0"},"up":{"uv":[11.5,1.5,10.0,0.0],"tintindex":0,"rotation":0,"texture":"#0"},"down":{"uv":[11.5,1.5,10.0,3.0],"tintindex":0,"rotation":0,"texture":"#0"}}}],"display":{"head":{"rotation":[0.0,0.0,0.0]},"firstperson_righthand":{"rotation":[0.0,0.0,0.0]},"thirdperson_lefthand":{"rotation":[0.0,-0.0,-0.0]},"firstperson_lefthand":{"rotation":[0.0,-0.0,-0.0]},"fixed":{"rotation":[0.0,0.0,0.0]},"ground":{"rotation":[0.0,0.0,0.0]},"thirdperson_righthand":{"rotation":[0.0,0.0,0.0]},"gui":{"rotation":[-150.0,-45.0,180.0]}}}