{"textures":{"0":"modelengine:entity/rpg_sand_golem","particle":"#0"},"elements":[{"from":[5.0,-1.0,7.0],"to":[11.0,8.0,13.0],"faces":{"east":{"uv":[4.5,7.75,6.0,10.0],"tintindex":0,"rotation":0,"texture":"#0"},"south":{"uv":[8.0,0.0,9.5,2.25],"tintindex":0,"rotation":0,"texture":"#0"},"north":{"uv":[3.0,7.75,4.5,10.0],"tintindex":0,"rotation":0,"texture":"#0"},"west":{"uv":[8.0,2.25,9.5,4.5],"tintindex":0,"rotation":0,"texture":"#0"},"up":{"uv":[11.25,4.75,9.75,3.25],"tintindex":0,"rotation":0,"texture":"#0"},"down":{"uv":[11.25,4.75,9.75,6.25],"tintindex":0,"rotation":0,"texture":"#0"}}}],"display":{"head":{"rotation":[0.0,0.0,0.0]},"firstperson_righthand":{"rotation":[0.0,0.0,0.0]},"thirdperson_lefthand":{"rotation":[0.0,-0.0,-0.0]},"firstperson_lefthand":{"rotation":[0.0,-0.0,-0.0]},"fixed":{"rotation":[0.0,0.0,0.0]},"ground":{"rotation":[0.0,0.0,0.0]},"thirdperson_righthand":{"rotation":[0.0,0.0,0.0]},"gui":{"rotation":[-150.0,-45.0,180.0]}}}