{"textures":{"0":"modelengine:entity/rpg_sand_golem","particle":"#0"},"elements":[{"from":[5.0,-1.0,3.0],"to":[11.0,8.0,9.0],"faces":{"east":{"uv":[3.0,7.0,1.5,9.25],"tintindex":0,"rotation":0,"texture":"#0"},"south":{"uv":[1.5,7.0,0.0,9.25],"tintindex":0,"rotation":0,"texture":"#0"},"north":{"uv":[8.0,3.5,6.5,5.75],"tintindex":0,"rotation":0,"texture":"#0"},"west":{"uv":[8.0,5.75,6.5,8.0],"tintindex":0,"rotation":0,"texture":"#0"},"up":{"uv":[9.5,3.25,11.0,1.75],"tintindex":0,"rotation":0,"texture":"#0"},"down":{"uv":[9.5,6.25,11.0,7.75],"tintindex":0,"rotation":0,"texture":"#0"}}}],"display":{"head":{"rotation":[0.0,0.0,0.0]},"firstperson_righthand":{"rotation":[0.0,0.0,0.0]},"thirdperson_lefthand":{"rotation":[0.0,-0.0,-0.0]},"firstperson_lefthand":{"rotation":[0.0,-0.0,-0.0]},"fixed":{"rotation":[0.0,0.0,0.0]},"ground":{"rotation":[0.0,0.0,0.0]},"thirdperson_righthand":{"rotation":[0.0,0.0,0.0]},"gui":{"rotation":[-150.0,-45.0,180.0]}}}