{"textures":{"0":"modelengine:entity/rpg_sand_golem","particle":"#0"},"elements":[{"from":[2.0,5.2800055,5.6469955],"to":[12.0,15.280006,12.646996],"faces":{"east":{"uv":[3.0,5.25,4.75,7.75],"tintindex":0,"rotation":0,"texture":"#0"},"south":{"uv":[0.0,2.5,2.5,5.0],"tintindex":0,"rotation":0,"texture":"#0"},"north":{"uv":[0.0,0.0,2.5,2.5],"tintindex":0,"rotation":0,"texture":"#0"},"west":{"uv":[4.75,5.25,6.5,7.75],"tintindex":0,"rotation":0,"texture":"#0"},"up":{"uv":[8.0,1.75,5.5,0.0],"tintindex":0,"rotation":0,"texture":"#0"},"down":{"uv":[8.0,1.75,5.5,3.5],"tintindex":0,"rotation":0,"texture":"#0"}},"rotation":{"origin":[6.0,10.280006,9.146996],"angle":22.5,"axis":"x"}},{"from":[1.0,13.560011,7.293991],"to":[13.0,20.56001,14.293991],"faces":{"east":{"uv":[8.0,4.5,9.75,6.25],"tintindex":0,"rotation":0,"texture":"#0"},"south":{"uv":[2.5,1.75,5.5,3.5],"tintindex":0,"rotation":0,"texture":"#0"},"north":{"uv":[2.5,0.0,5.5,1.75],"tintindex":0,"rotation":0,"texture":"#0"},"west":{"uv":[6.0,8.0,7.75,9.75],"tintindex":0,"rotation":0,"texture":"#0"},"up":{"uv":[5.5,5.25,2.5,3.5],"tintindex":0,"rotation":0,"texture":"#0"},"down":{"uv":[3.0,5.25,0.0,7.0],"tintindex":0,"rotation":0,"texture":"#0"}}}],"display":{"head":{"rotation":[0.0,0.0,0.0]},"firstperson_righthand":{"rotation":[0.0,0.0,0.0]},"thirdperson_lefthand":{"rotation":[0.0,-0.0,-0.0]},"firstperson_lefthand":{"rotation":[0.0,-0.0,-0.0]},"fixed":{"rotation":[0.0,0.0,0.0]},"ground":{"rotation":[0.0,0.0,0.0]},"thirdperson_righthand":{"rotation":[0.0,0.0,0.0]},"gui":{"rotation":[-150.0,-45.0,180.0]}}}