{"textures":{"0":"modelengine:entity/rpg_skeleton","particle":"#0"},"elements":[{"from":[5.0,-2.0,5.0],"to":[10.0,5.0,5.0],"faces":{"south":{"uv":[7.25,6.5,6.0,8.25],"tintindex":0,"rotation":0,"texture":"#0"},"north":{"uv":[6.0,6.5,7.25,8.25],"tintindex":0,"rotation":0,"texture":"#0"}}},{"from":[6.0,16.923496,9.617393],"to":[9.0,19.923496,9.617393],"faces":{"south":{"uv":[8.25,2.75,7.5,3.5],"tintindex":0,"rotation":0,"texture":"#0"},"north":{"uv":[7.5,2.75,8.25,3.5],"tintindex":0,"rotation":0,"texture":"#0"}},"rotation":{"origin":[7.5,17.923496,9.617393],"angle":-22.5,"axis":"x"}},{"from":[3.0,10.0,10.000999],"to":[12.0,17.0,10.000999],"faces":{"east":{"uv":[0.0,6.25,1.25,8.0],"tintindex":0,"rotation":0,"texture":"#0"},"south":{"uv":[4.5,0.0,6.75,1.75],"tintindex":0,"rotation":0,"texture":"#0"},"north":{"uv":[6.75,0.0,4.5,1.75],"tintindex":0,"rotation":0,"texture":"#0"},"west":{"uv":[6.25,1.75,7.5,3.5],"tintindex":0,"rotation":0,"texture":"#0"},"up":{"uv":[2.25,6.25,0.0,5.0],"tintindex":0,"rotation":0,"texture":"#0"},"down":{"uv":[7.0,5.25,4.75,6.5],"tintindex":0,"rotation":0,"texture":"#0"}}},{"from":[3.0,10.0,5.001],"to":[3.0,17.0,10.000999],"faces":{"east":{"uv":[7.5,1.75,6.25,3.5],"tintindex":0,"rotation":0,"texture":"#0"},"south":{"uv":[4.5,0.0,6.75,1.75],"tintindex":0,"rotation":0,"texture":"#0"},"north":{"uv":[2.5,4.0,4.75,5.75],"tintindex":0,"rotation":0,"texture":"#0"},"west":{"uv":[6.25,1.75,7.5,3.5],"tintindex":0,"rotation":0,"texture":"#0"},"up":{"uv":[2.25,6.25,0.0,5.0],"tintindex":0,"rotation":0,"texture":"#0"},"down":{"uv":[7.0,5.25,4.75,6.5],"tintindex":0,"rotation":0,"texture":"#0"}}},{"from":[4.0,5.0,5.0],"to":[11.0,9.0,10.0],"faces":{"east":{"uv":[10.0,10.0,11.25,11.0],"tintindex":0,"rotation":0,"texture":"#0"},"south":{"uv":[8.25,4.75,10.0,5.75],"tintindex":0,"rotation":0,"texture":"#0"},"north":{"uv":[8.25,3.75,10.0,4.75],"tintindex":0,"rotation":0,"texture":"#0"},"west":{"uv":[0.0,10.25,1.25,11.25],"tintindex":0,"rotation":0,"texture":"#0"},"up":{"uv":[8.25,4.75,6.5,3.5],"tintindex":0,"rotation":0,"texture":"#0"},"down":{"uv":[6.0,6.5,4.25,7.75],"tintindex":0,"rotation":0,"texture":"#0"}}},{"from":[6.0,9.0,10.0],"to":[9.0,10.0,10.0],"faces":{"south":{"uv":[12.0,2.25,12.75,2.5],"tintindex":0,"rotation":0,"texture":"#0"},"north":{"uv":[12.75,2.25,12.0,2.5],"tintindex":0,"rotation":0,"texture":"#0"}}},{"from":[3.0,10.0,5.001],"to":[12.0,17.0,5.001],"faces":{"east":{"uv":[0.0,6.25,1.25,8.0],"tintindex":0,"rotation":0,"texture":"#0"},"south":{"uv":[2.5,4.0,4.75,5.75],"tintindex":0,"rotation":0,"texture":"#0"},"north":{"uv":[2.5,4.0,4.75,5.75],"tintindex":0,"rotation":0,"texture":"#0"},"west":{"uv":[6.25,1.75,7.5,3.5],"tintindex":0,"rotation":0,"texture":"#0"},"up":{"uv":[2.25,6.25,0.0,5.0],"tintindex":0,"rotation":0,"texture":"#0"},"down":{"uv":[7.0,5.25,4.75,6.5],"tintindex":0,"rotation":0,"texture":"#0"}}},{"from":[12.0,10.0,5.001],"to":[12.0,17.0,10.000999],"faces":{"east":{"uv":[0.0,6.25,1.25,8.0],"tintindex":0,"rotation":0,"texture":"#0"},"south":{"uv":[4.5,0.0,6.75,1.75],"tintindex":0,"rotation":0,"texture":"#0"},"north":{"uv":[2.5,4.0,4.75,5.75],"tintindex":0,"rotation":0,"texture":"#0"},"west":{"uv":[1.25,6.25,0.0,8.0],"tintindex":0,"rotation":0,"texture":"#0"},"up":{"uv":[2.25,6.25,0.0,5.0],"tintindex":0,"rotation":0,"texture":"#0"},"down":{"uv":[7.0,5.25,4.75,6.5],"tintindex":0,"rotation":0,"texture":"#0"}}}],"display":{"head":{"rotation":[0.0,0.0,0.0]},"firstperson_righthand":{"rotation":[0.0,0.0,0.0]},"thirdperson_lefthand":{"rotation":[0.0,-0.0,-0.0]},"firstperson_lefthand":{"rotation":[0.0,-0.0,-0.0]},"fixed":{"rotation":[0.0,0.0,0.0]},"ground":{"rotation":[0.0,0.0,0.0]},"thirdperson_righthand":{"rotation":[0.0,0.0,0.0]},"gui":{"rotation":[-150.0,-45.0,180.0]}}}