{"textures":{"0":"modelengine:entity/rpg_skeleton","particle":"#0"},"elements":[{"from":[3.8528738,10.77202,2.0],"to":[11.852874,13.77202,10.0],"faces":{"east":{"uv":[7.0,9.25,9.0,10.0],"tintindex":0,"rotation":0,"texture":"#0"},"south":{"uv":[9.0,9.25,11.0,10.0],"tintindex":0,"rotation":0,"texture":"#0"},"north":{"uv":[8.0,1.0,10.0,1.75],"tintindex":0,"rotation":0,"texture":"#0"},"west":{"uv":[9.0,9.25,7.0,10.0],"tintindex":0,"rotation":0,"texture":"#0"},"up":{"uv":[4.5,2.0,2.5,0.0],"tintindex":0,"rotation":0,"texture":"#0"},"down":{"uv":[4.5,2.0,2.5,4.0],"tintindex":0,"rotation":0,"texture":"#0"}}},{"from":[3.8528738,7.7720203,6.0],"to":[11.852874,10.77202,10.0],"faces":{"east":{"uv":[11.0,3.25,12.0,4.0],"tintindex":0,"rotation":0,"texture":"#0"},"south":{"uv":[10.0,2.5,12.0,3.25],"tintindex":0,"rotation":0,"texture":"#0"},"north":{"uv":[9.75,6.75,11.75,7.5],"tintindex":0,"rotation":0,"texture":"#0"},"west":{"uv":[12.0,3.25,11.0,4.0],"tintindex":0,"rotation":0,"texture":"#0"},"up":{"uv":[9.5,2.75,7.5,1.75],"tintindex":0,"rotation":0,"texture":"#0"},"down":{"uv":[2.0,8.0,0.0,9.0],"tintindex":0,"rotation":0,"texture":"#0"}}},{"from":[5.352874,7.2720203,2.5],"to":[10.352874,9.27202,6.5],"faces":{"east":{"uv":[11.5,6.25,12.5,6.75],"tintindex":0,"rotation":0,"texture":"#0"},"south":{"uv":[11.25,7.5,12.5,8.0],"tintindex":0,"rotation":0,"texture":"#0"},"north":{"uv":[10.25,6.25,11.5,6.75],"tintindex":0,"rotation":0,"texture":"#0"},"west":{"uv":[11.75,0.75,12.75,1.25],"tintindex":0,"rotation":0,"texture":"#0"},"up":{"uv":[11.25,5.75,10.0,4.75],"tintindex":0,"rotation":0,"texture":"#0"},"down":{"uv":[8.75,10.0,7.5,11.0],"tintindex":0,"rotation":0,"texture":"#0"}}},{"from":[12.537411,5.188528,1.9783769],"to":[12.537411,11.188528,5.978377],"faces":{"east":{"uv":[5.0,8.75,6.0,10.25],"tintindex":0,"rotation":0,"texture":"#0"},"west":{"uv":[6.0,8.75,5.0,10.25],"tintindex":0,"rotation":0,"texture":"#0"}},"rotation":{"origin":[13.0,8.0,6.0],"angle":22.5,"axis":"z"}},{"from":[4.852874,9.27202,3.0],"to":[10.852874,11.27202,3.0],"faces":{"south":{"uv":[13.25,9.75,14.75,10.5],"tintindex":0,"rotation":0,"texture":"#0"},"north":{"uv":[14.75,9.75,13.25,10.5],"tintindex":0,"rotation":0,"texture":"#0"}}},{"from":[3.2475157,4.800949,1.9351306],"to":[3.2475157,10.800949,5.9351306],"faces":{"east":{"uv":[5.0,8.75,6.0,10.25],"tintindex":0,"rotation":0,"texture":"#0"},"west":{"uv":[6.0,8.75,5.0,10.25],"tintindex":0,"rotation":0,"texture":"#0"}},"rotation":{"origin":[3.7057476,8.0,6.0],"angle":-22.5,"axis":"z"}},{"from":[4.352874,9.27202,2.5],"to":[11.352874,13.27202,9.5],"faces":{"east":{"uv":[8.0,0.0,9.75,1.0],"tintindex":0,"rotation":0,"texture":"#0"},"south":{"uv":[2.0,8.0,3.75,9.0],"tintindex":0,"rotation":0,"texture":"#0"},"north":{"uv":[4.25,7.75,6.0,8.75],"tintindex":0,"rotation":0,"texture":"#0"},"west":{"uv":[8.25,2.75,10.0,3.75],"tintindex":0,"rotation":0,"texture":"#0"},"up":{"uv":[6.25,3.5,4.5,1.75],"tintindex":0,"rotation":0,"texture":"#0"},"down":{"uv":[6.5,3.5,4.75,5.25],"tintindex":0,"rotation":0,"texture":"#0"}}},{"from":[6.852874,8.77202,1.5],"to":[8.852874,11.77202,3.5],"faces":{"east":{"uv":[3.75,8.0,4.25,8.75],"tintindex":0,"rotation":0,"texture":"#0"},"south":{"uv":[9.5,11.75,10.0,12.5],"tintindex":0,"rotation":0,"texture":"#0"},"north":{"uv":[4.25,5.75,4.75,6.5],"tintindex":0,"rotation":0,"texture":"#0"},"west":{"uv":[12.0,2.75,12.5,3.5],"tintindex":0,"rotation":0,"texture":"#0"},"up":{"uv":[7.0,5.25,6.5,4.75],"tintindex":0,"rotation":0,"texture":"#0"},"down":{"uv":[8.25,12.0,7.75,12.5],"tintindex":0,"rotation":0,"texture":"#0"}}}],"display":{"head":{"rotation":[0.0,0.0,0.0]},"firstperson_righthand":{"rotation":[0.0,0.0,0.0]},"thirdperson_lefthand":{"rotation":[0.0,-0.0,-0.0]},"firstperson_lefthand":{"rotation":[0.0,-0.0,-0.0]},"fixed":{"rotation":[0.0,0.0,0.0]},"ground":{"rotation":[0.0,0.0,0.0]},"thirdperson_righthand":{"rotation":[0.0,0.0,0.0]},"gui":{"rotation":[-150.0,-45.0,180.0]}}}