{"textures":{"0":"modelengine:entity/rpg_skeleton","particle":"#0"},"elements":[{"from":[5.0,4.0,3.0],"to":[5.0,8.0,8.0],"faces":{"east":{"uv":[10.0,7.5,11.25,8.5],"tintindex":0,"rotation":0,"texture":"#0"},"west":{"uv":[11.25,7.5,10.0,8.5],"tintindex":0,"rotation":0,"texture":"#0"}}},{"from":[5.0,4.0,3.0],"to":[10.0,6.0,3.0],"faces":{"south":{"uv":[12.5,8.0,11.25,8.5],"tintindex":0,"rotation":0,"texture":"#0"},"north":{"uv":[11.25,8.0,12.5,8.5],"tintindex":0,"rotation":0,"texture":"#0"}}},{"from":[10.0,4.0,3.0],"to":[10.0,8.0,8.0],"faces":{"east":{"uv":[10.0,7.5,11.25,8.5],"tintindex":0,"rotation":0,"texture":"#0"},"west":{"uv":[11.25,7.5,10.0,8.5],"tintindex":0,"rotation":0,"texture":"#0"}}}],"display":{"head":{"rotation":[0.0,0.0,0.0]},"firstperson_righthand":{"rotation":[0.0,0.0,0.0]},"thirdperson_lefthand":{"rotation":[0.0,-0.0,-0.0]},"firstperson_lefthand":{"rotation":[0.0,-0.0,-0.0]},"fixed":{"rotation":[0.0,0.0,0.0]},"ground":{"rotation":[0.0,0.0,0.0]},"thirdperson_righthand":{"rotation":[0.0,0.0,0.0]},"gui":{"rotation":[-150.0,-45.0,180.0]}}}