{"textures":{"0":"modelengine:entity/rpg_skeleton","particle":"#0"},"elements":[{"from":[5.92807,-0.28174496,5.597187],"to":[8.92807,2.718255,9.597187],"faces":{"east":{"uv":[9.0,11.0,10.0,11.75],"tintindex":0,"rotation":0,"texture":"#0"},"south":{"uv":[1.75,11.5,2.5,12.25],"tintindex":0,"rotation":0,"texture":"#0"},"north":{"uv":[11.5,1.5,12.25,2.25],"tintindex":0,"rotation":0,"texture":"#0"},"west":{"uv":[11.0,9.0,12.0,9.75],"tintindex":0,"rotation":0,"texture":"#0"},"up":{"uv":[10.75,12.0,10.0,11.0],"tintindex":0,"rotation":0,"texture":"#0"},"down":{"uv":[11.5,11.0,10.75,12.0],"tintindex":0,"rotation":0,"texture":"#0"}},"rotation":{"origin":[7.92807,-0.28174496,6.597187],"angle":-22.5,"axis":"z"}},{"from":[7.0,0.85721064,-0.90281296],"to":[8.0,3.8572102,0.09718704],"faces":{"east":{"uv":[10.5,12.0,10.75,12.75],"tintindex":0,"rotation":0,"texture":"#0"},"south":{"uv":[10.75,12.0,11.0,12.75],"tintindex":0,"rotation":0,"texture":"#0"},"north":{"uv":[12.0,10.25,12.25,11.0],"tintindex":0,"rotation":0,"texture":"#0"},"west":{"uv":[11.0,12.0,11.25,12.75],"tintindex":0,"rotation":0,"texture":"#0"},"up":{"uv":[8.75,8.25,8.5,8.0],"tintindex":0,"rotation":0,"texture":"#0"},"down":{"uv":[9.75,2.5,9.5,2.75],"tintindex":0,"rotation":0,"texture":"#0"}}},{"from":[7.0,-1.1427898,3.097187],"to":[8.0,4.85721,5.097187],"faces":{"east":{"uv":[3.25,10.25,3.75,11.75],"tintindex":0,"rotation":0,"texture":"#0"},"south":{"uv":[7.5,12.0,7.75,13.5],"tintindex":0,"rotation":0,"texture":"#0"},"north":{"uv":[12.0,3.5,12.25,5.0],"tintindex":0,"rotation":0,"texture":"#0"},"west":{"uv":[5.5,10.25,6.0,11.75],"tintindex":0,"rotation":0,"texture":"#0"},"up":{"uv":[2.75,12.75,2.5,12.25],"tintindex":0,"rotation":0,"texture":"#0"},"down":{"uv":[3.0,12.25,2.75,12.75],"tintindex":0,"rotation":0,"texture":"#0"}}},{"from":[7.0,-0.14278984,-7.902813],"to":[8.0,3.8572102,-0.90281296],"faces":{"east":{"uv":[7.0,8.25,8.75,9.25],"tintindex":0,"rotation":0,"texture":"#0"},"south":{"uv":[8.75,12.0,9.0,13.0],"tintindex":0,"rotation":0,"texture":"#0"},"north":{"uv":[9.75,0.0,10.0,1.0],"tintindex":0,"rotation":0,"texture":"#0"},"west":{"uv":[8.5,5.75,10.25,6.75],"tintindex":0,"rotation":0,"texture":"#0"},"up":{"uv":[9.25,13.5,9.0,11.75],"tintindex":0,"rotation":0,"texture":"#0"},"down":{"uv":[9.5,11.75,9.25,13.5],"tintindex":0,"rotation":0,"texture":"#0"}}},{"from":[7.0,0.85721064,5.097187],"to":[8.0,2.8572102,12.097187],"faces":{"east":{"uv":[10.0,8.5,11.75,9.0],"tintindex":0,"rotation":0,"texture":"#0"},"south":{"uv":[2.25,12.25,2.5,12.75],"tintindex":0,"rotation":0,"texture":"#0"},"north":{"uv":[2.0,12.25,2.25,12.75],"tintindex":0,"rotation":0,"texture":"#0"},"west":{"uv":[10.25,5.75,12.0,6.25],"tintindex":0,"rotation":0,"texture":"#0"},"up":{"uv":[7.25,13.5,7.0,11.75],"tintindex":0,"rotation":0,"texture":"#0"},"down":{"uv":[7.5,11.75,7.25,13.5],"tintindex":0,"rotation":0,"texture":"#0"}}},{"from":[7.0,-0.14278984,0.09718704],"to":[8.0,3.8572102,3.097187],"faces":{"east":{"uv":[0.0,11.25,0.75,12.25],"tintindex":0,"rotation":0,"texture":"#0"},"south":{"uv":[10.25,12.0,10.5,13.0],"tintindex":0,"rotation":0,"texture":"#0"},"north":{"uv":[10.0,12.0,10.25,13.0],"tintindex":0,"rotation":0,"texture":"#0"},"west":{"uv":[11.25,4.75,12.0,5.75],"tintindex":0,"rotation":0,"texture":"#0"},"up":{"uv":[11.5,12.75,11.25,12.0],"tintindex":0,"rotation":0,"texture":"#0"},"down":{"uv":[0.25,12.25,0.0,13.0],"tintindex":0,"rotation":0,"texture":"#0"}}},{"from":[4.92807,0.71825504,4.597187],"to":[6.92807,2.718255,8.597187],"faces":{"east":{"uv":[4.5,11.75,5.5,12.25],"tintindex":0,"rotation":0,"texture":"#0"},"south":{"uv":[12.0,9.0,12.5,9.5],"tintindex":0,"rotation":0,"texture":"#0"},"north":{"uv":[8.25,12.0,8.75,12.5],"tintindex":0,"rotation":0,"texture":"#0"},"west":{"uv":[5.5,11.75,6.5,12.25],"tintindex":0,"rotation":0,"texture":"#0"},"up":{"uv":[3.75,12.75,3.25,11.75],"tintindex":0,"rotation":0,"texture":"#0"},"down":{"uv":[7.0,11.75,6.5,12.75],"tintindex":0,"rotation":0,"texture":"#0"}},"rotation":{"origin":[7.92807,-0.28174496,6.597187],"angle":-22.5,"axis":"z"}},{"from":[7.0,-0.14278984,-10.902813],"to":[8.0,1.8572106,-7.902813],"faces":{"east":{"uv":[12.0,5.0,12.75,5.5],"tintindex":0,"rotation":0,"texture":"#0"},"south":{"uv":[12.25,3.5,12.5,4.0],"tintindex":0,"rotation":0,"texture":"#0"},"north":{"uv":[3.0,12.25,3.25,12.75],"tintindex":0,"rotation":0,"texture":"#0"},"west":{"uv":[12.0,5.5,12.75,6.0],"tintindex":0,"rotation":0,"texture":"#0"},"up":{"uv":[2.5,5.75,2.25,5.0],"tintindex":0,"rotation":0,"texture":"#0"},"down":{"uv":[8.5,5.75,8.25,6.5],"tintindex":0,"rotation":0,"texture":"#0"}}},{"from":[7.0,2.1072102,5.597187],"to":[10.0,8.10721,9.597187],"faces":{"east":{"uv":[10.0,3.25,11.0,4.75],"tintindex":0,"rotation":0,"texture":"#0"},"south":{"uv":[11.0,0.0,11.75,1.5],"tintindex":0,"rotation":0,"texture":"#0"},"north":{"uv":[4.75,10.25,5.5,11.75],"tintindex":0,"rotation":0,"texture":"#0"},"west":{"uv":[3.75,10.0,4.75,11.5],"tintindex":0,"rotation":0,"texture":"#0"},"up":{"uv":[8.25,12.0,7.5,11.0],"tintindex":0,"rotation":0,"texture":"#0"},"down":{"uv":[9.0,11.0,8.25,12.0],"tintindex":0,"rotation":0,"texture":"#0"}}}],"display":{"head":{"rotation":[0.0,0.0,0.0]},"firstperson_righthand":{"rotation":[0.0,0.0,0.0]},"thirdperson_lefthand":{"rotation":[0.0,-0.0,-0.0]},"firstperson_lefthand":{"rotation":[0.0,-0.0,-0.0]},"fixed":{"rotation":[0.0,0.0,0.0]},"ground":{"rotation":[0.0,0.0,0.0]},"thirdperson_righthand":{"rotation":[0.0,0.0,0.0]},"gui":{"rotation":[-150.0,-45.0,180.0]}}}