{"textures":{"0":"modelengine:entity/rpg_skeleton","particle":"#0"},"elements":[{"from":[6.5,6.5,4.5],"to":[9.5,9.5,5.5],"faces":{"east":{"uv":[0.25,12.25,0.5,13.0],"tintindex":0,"rotation":0,"texture":"#0"},"south":{"uv":[3.75,11.5,4.5,12.25],"tintindex":0,"rotation":0,"texture":"#0"},"north":{"uv":[2.5,11.5,3.25,12.25],"tintindex":0,"rotation":0,"texture":"#0"},"west":{"uv":[0.5,12.25,0.75,13.0],"tintindex":0,"rotation":0,"texture":"#0"},"up":{"uv":[12.5,1.5,11.75,1.25],"tintindex":0,"rotation":0,"texture":"#0"},"down":{"uv":[12.5,7.25,11.75,7.5],"tintindex":0,"rotation":0,"texture":"#0"}}},{"from":[7.5,6.5,5.5],"to":[12.5,11.5,10.5],"faces":{"east":{"uv":[3.75,8.75,5.0,10.0],"tintindex":0,"rotation":0,"texture":"#0"},"south":{"uv":[8.75,8.0,10.0,9.25],"tintindex":0,"rotation":0,"texture":"#0"},"north":{"uv":[8.5,6.75,9.75,8.0],"tintindex":0,"rotation":0,"texture":"#0"},"west":{"uv":[0.0,9.0,1.25,10.25],"tintindex":0,"rotation":0,"texture":"#0"},"up":{"uv":[2.5,10.25,1.25,9.0],"tintindex":0,"rotation":0,"texture":"#0"},"down":{"uv":[3.75,9.0,2.5,10.25],"tintindex":0,"rotation":0,"texture":"#0"}}},{"from":[6.5,6.5,10.5],"to":[9.5,9.5,11.5],"faces":{"east":{"uv":[12.25,1.5,12.5,2.25],"tintindex":0,"rotation":0,"texture":"#0"},"south":{"uv":[11.75,0.0,12.5,0.75],"tintindex":0,"rotation":0,"texture":"#0"},"north":{"uv":[11.5,11.0,12.25,11.75],"tintindex":0,"rotation":0,"texture":"#0"},"west":{"uv":[1.75,12.25,2.0,13.0],"tintindex":0,"rotation":0,"texture":"#0"},"up":{"uv":[12.75,6.25,12.0,6.0],"tintindex":0,"rotation":0,"texture":"#0"},"down":{"uv":[12.75,9.5,12.0,9.75],"tintindex":0,"rotation":0,"texture":"#0"}}},{"from":[10.0,-0.5,6.0],"to":[10.0,8.5,10.0],"faces":{"east":{"uv":[2.25,5.75,3.25,8.0],"tintindex":0,"rotation":0,"texture":"#0"},"west":{"uv":[3.25,5.75,2.25,8.0],"tintindex":0,"rotation":0,"texture":"#0"}}}],"display":{"head":{"rotation":[0.0,0.0,0.0]},"firstperson_righthand":{"rotation":[0.0,0.0,0.0]},"thirdperson_lefthand":{"rotation":[0.0,-0.0,-0.0]},"firstperson_lefthand":{"rotation":[0.0,-0.0,-0.0]},"fixed":{"rotation":[0.0,0.0,0.0]},"ground":{"rotation":[0.0,0.0,0.0]},"thirdperson_righthand":{"rotation":[0.0,0.0,0.0]},"gui":{"rotation":[-150.0,-45.0,180.0]}}}