{"textures":{"0":"modelengine:entity/rpg_skeleton","particle":"#0"},"elements":[{"from":[6.0,1.0,5.0],"to":[10.0,3.0,6.0],"faces":{"east":{"uv":[4.5,3.5,4.75,4.0],"tintindex":0,"rotation":0,"texture":"#0"},"south":{"uv":[11.75,8.5,12.75,9.0],"tintindex":0,"rotation":0,"texture":"#0"},"north":{"uv":[11.75,6.75,12.75,7.25],"tintindex":0,"rotation":0,"texture":"#0"},"west":{"uv":[9.75,7.5,10.0,8.0],"tintindex":0,"rotation":0,"texture":"#0"},"up":{"uv":[11.0,1.75,10.0,1.5],"tintindex":0,"rotation":0,"texture":"#0"},"down":{"uv":[11.0,9.0,10.0,9.25],"tintindex":0,"rotation":0,"texture":"#0"}}},{"from":[6.0,1.0,6.0],"to":[10.0,8.0,11.0],"faces":{"east":{"uv":[7.0,4.75,8.25,6.5],"tintindex":0,"rotation":0,"texture":"#0"},"south":{"uv":[6.0,8.25,7.0,10.0],"tintindex":0,"rotation":0,"texture":"#0"},"north":{"uv":[1.25,6.25,2.25,8.0],"tintindex":0,"rotation":0,"texture":"#0"},"west":{"uv":[7.25,6.5,8.5,8.25],"tintindex":0,"rotation":0,"texture":"#0"},"up":{"uv":[2.25,11.5,1.25,10.25],"tintindex":0,"rotation":0,"texture":"#0"},"down":{"uv":[3.25,10.25,2.25,11.5],"tintindex":0,"rotation":0,"texture":"#0"}}}],"display":{"head":{"rotation":[0.0,0.0,0.0]},"firstperson_righthand":{"rotation":[0.0,0.0,0.0]},"thirdperson_lefthand":{"rotation":[0.0,-0.0,-0.0]},"firstperson_lefthand":{"rotation":[0.0,-0.0,-0.0]},"fixed":{"rotation":[0.0,0.0,0.0]},"ground":{"rotation":[0.0,0.0,0.0]},"thirdperson_righthand":{"rotation":[0.0,0.0,0.0]},"gui":{"rotation":[-150.0,-45.0,180.0]}}}