{"textures":{"0":"modelengine:entity/rpg_rat","particle":"#0"},"elements":[{"from":[6.0,3.6026635,6.0844736],"to":[10.0,9.602663,11.084473],"faces":{"east":{"uv":[9.25,9.75,10.5,11.25],"tintindex":0,"rotation":0,"texture":"#0"},"south":{"uv":[10.5,10.75,11.5,12.25],"tintindex":0,"rotation":0,"texture":"#0"},"north":{"uv":[10.75,7.25,11.75,8.75],"tintindex":0,"rotation":0,"texture":"#0"},"west":{"uv":[0.0,10.25,1.25,11.75],"tintindex":0,"rotation":0,"texture":"#0"},"up":{"uv":[4.25,12.25,3.25,11.0],"tintindex":0,"rotation":0,"texture":"#0"},"down":{"uv":[5.25,11.0,4.25,12.25],"tintindex":0,"rotation":0,"texture":"#0"}}},{"from":[6.5,1.7611761,6.8540306],"to":[9.5,4.761176,10.854031],"faces":{"east":{"uv":[12.0,4.75,13.0,5.5],"tintindex":0,"rotation":0,"texture":"#0"},"south":{"uv":[10.5,12.75,11.25,13.5],"tintindex":0,"rotation":0,"texture":"#0"},"north":{"uv":[9.75,12.75,10.5,13.5],"tintindex":0,"rotation":0,"texture":"#0"},"west":{"uv":[12.0,5.5,13.0,6.25],"tintindex":0,"rotation":0,"texture":"#0"},"up":{"uv":[7.25,13.0,6.5,12.0],"tintindex":0,"rotation":0,"texture":"#0"},"down":{"uv":[8.0,12.0,7.25,13.0],"tintindex":0,"rotation":0,"texture":"#0"}},"rotation":{"origin":[8.0,3.761176,8.854031],"angle":-22.5,"axis":"x"}}],"display":{"head":{"rotation":[0.0,0.0,0.0]},"firstperson_righthand":{"rotation":[0.0,0.0,0.0]},"thirdperson_lefthand":{"rotation":[0.0,-0.0,-0.0]},"firstperson_lefthand":{"rotation":[0.0,-0.0,-0.0]},"fixed":{"rotation":[0.0,0.0,0.0]},"ground":{"rotation":[0.0,0.0,0.0]},"thirdperson_righthand":{"rotation":[0.0,0.0,0.0]},"gui":{"rotation":[-150.0,-45.0,180.0]}}}