{"textures":{"0":"modelengine:entity/rpg_rat","particle":"#0"},"elements":[{"from":[7.0,7.761176,3.8540306],"to":[9.0,9.761176,6.8540306],"faces":{"east":{"uv":[13.0,0.75,13.75,1.25],"tintindex":0,"rotation":0,"texture":"#0"},"south":{"uv":[11.75,13.0,12.25,13.5],"tintindex":0,"rotation":0,"texture":"#0"},"north":{"uv":[11.25,13.0,11.75,13.5],"tintindex":0,"rotation":0,"texture":"#0"},"west":{"uv":[3.25,13.0,4.0,13.5],"tintindex":0,"rotation":0,"texture":"#0"},"up":{"uv":[2.25,13.75,1.75,13.0],"tintindex":0,"rotation":0,"texture":"#0"},"down":{"uv":[4.5,13.0,4.0,13.75],"tintindex":0,"rotation":0,"texture":"#0"}},"rotation":{"origin":[8.5,9.761176,8.854031],"angle":-22.5,"axis":"x"}}],"display":{"head":{"rotation":[0.0,0.0,0.0]},"firstperson_righthand":{"rotation":[0.0,0.0,0.0]},"thirdperson_lefthand":{"rotation":[0.0,-0.0,-0.0]},"firstperson_lefthand":{"rotation":[0.0,-0.0,-0.0]},"fixed":{"rotation":[0.0,0.0,0.0]},"ground":{"rotation":[0.0,0.0,0.0]},"thirdperson_righthand":{"rotation":[0.0,0.0,0.0]},"gui":{"rotation":[-150.0,-45.0,180.0]}}}