{"textures":{"0":"modelengine:entity/rpg_rat","particle":"#0"},"elements":[{"from":[6.5,1.7611761,6.8540306],"to":[9.5,4.761176,10.854031],"faces":{"east":{"uv":[13.0,5.5,12.0,6.25],"tintindex":0,"rotation":0,"texture":"#0"},"south":{"uv":[11.25,12.75,10.5,13.5],"tintindex":0,"rotation":0,"texture":"#0"},"north":{"uv":[10.5,12.75,9.75,13.5],"tintindex":0,"rotation":0,"texture":"#0"},"west":{"uv":[13.0,4.75,12.0,5.5],"tintindex":0,"rotation":0,"texture":"#0"},"up":{"uv":[6.5,13.0,7.25,12.0],"tintindex":0,"rotation":0,"texture":"#0"},"down":{"uv":[7.25,12.0,8.0,13.0],"tintindex":0,"rotation":0,"texture":"#0"}},"rotation":{"origin":[8.0,3.761176,8.854031],"angle":-22.5,"axis":"x"}},{"from":[6.0,3.6026635,6.0844736],"to":[10.0,9.602663,11.084473],"faces":{"east":{"uv":[1.25,10.25,0.0,11.75],"tintindex":0,"rotation":0,"texture":"#0"},"south":{"uv":[11.5,10.75,10.5,12.25],"tintindex":0,"rotation":0,"texture":"#0"},"north":{"uv":[11.75,7.25,10.75,8.75],"tintindex":0,"rotation":0,"texture":"#0"},"west":{"uv":[10.5,9.75,9.25,11.25],"tintindex":0,"rotation":0,"texture":"#0"},"up":{"uv":[3.25,12.25,4.25,11.0],"tintindex":0,"rotation":0,"texture":"#0"},"down":{"uv":[4.25,11.0,5.25,12.25],"tintindex":0,"rotation":0,"texture":"#0"}}}],"display":{"head":{"rotation":[0.0,0.0,0.0]},"firstperson_righthand":{"rotation":[0.0,0.0,0.0]},"thirdperson_lefthand":{"rotation":[0.0,-0.0,-0.0]},"firstperson_lefthand":{"rotation":[0.0,-0.0,-0.0]},"fixed":{"rotation":[0.0,0.0,0.0]},"ground":{"rotation":[0.0,0.0,0.0]},"thirdperson_righthand":{"rotation":[0.0,0.0,0.0]},"gui":{"rotation":[-150.0,-45.0,180.0]}}}