{"textures":{"0":"modelengine:entity/rpg_rat","particle":"#0"},"elements":[{"from":[6.5,6.0,5.0],"to":[9.5,8.0,8.0],"faces":{"east":{"uv":[13.75,7.5,13.0,8.0],"tintindex":0,"rotation":0,"texture":"#0"},"south":{"uv":[8.0,13.0,7.25,13.5],"tintindex":0,"rotation":0,"texture":"#0"},"north":{"uv":[7.25,13.0,6.5,13.5],"tintindex":0,"rotation":0,"texture":"#0"},"west":{"uv":[13.75,7.0,13.0,7.5],"tintindex":0,"rotation":0,"texture":"#0"},"up":{"uv":[13.0,0.75,13.75,0.0],"tintindex":0,"rotation":0,"texture":"#0"},"down":{"uv":[1.0,13.0,1.75,13.75],"tintindex":0,"rotation":0,"texture":"#0"}}}],"display":{"head":{"rotation":[0.0,0.0,0.0]},"firstperson_righthand":{"rotation":[0.0,0.0,0.0]},"thirdperson_lefthand":{"rotation":[0.0,-0.0,-0.0]},"firstperson_lefthand":{"rotation":[0.0,-0.0,-0.0]},"fixed":{"rotation":[0.0,0.0,0.0]},"ground":{"rotation":[0.0,0.0,0.0]},"thirdperson_righthand":{"rotation":[0.0,0.0,0.0]},"gui":{"rotation":[-150.0,-45.0,180.0]}}}