{"textures":{"0":"modelengine:entity/rpg_rat","particle":"#0"},"elements":[{"from":[7.0,7.0,8.0],"to":[9.0,9.0,13.0],"faces":{"east":{"uv":[1.0,12.5,2.25,13.0],"tintindex":0,"rotation":0,"texture":"#0"},"south":{"uv":[13.0,9.75,13.5,10.25],"tintindex":0,"rotation":0,"texture":"#0"},"north":{"uv":[8.5,13.0,9.0,13.5],"tintindex":0,"rotation":0,"texture":"#0"},"west":{"uv":[12.5,3.25,13.75,3.75],"tintindex":0,"rotation":0,"texture":"#0"},"up":{"uv":[2.75,13.75,2.25,12.5],"tintindex":0,"rotation":0,"texture":"#0"},"down":{"uv":[5.75,12.5,5.25,13.75],"tintindex":0,"rotation":0,"texture":"#0"}}}],"display":{"head":{"rotation":[0.0,0.0,0.0]},"firstperson_righthand":{"rotation":[0.0,0.0,0.0]},"thirdperson_lefthand":{"rotation":[0.0,-0.0,-0.0]},"firstperson_lefthand":{"rotation":[0.0,-0.0,-0.0]},"fixed":{"rotation":[0.0,0.0,0.0]},"ground":{"rotation":[0.0,0.0,0.0]},"thirdperson_righthand":{"rotation":[0.0,0.0,0.0]},"gui":{"rotation":[-150.0,-45.0,180.0]}}}