{"textures":{"0":"modelengine:entity/rpg_rat","particle":"#0"},"elements":[{"from":[6.5,6.5,7.0],"to":[9.5,9.5,13.0],"faces":{"east":{"uv":[11.25,1.75,12.75,2.5],"tintindex":0,"rotation":0,"texture":"#0"},"south":{"uv":[12.75,1.75,13.5,2.5],"tintindex":0,"rotation":0,"texture":"#0"},"north":{"uv":[12.5,11.0,13.25,11.75],"tintindex":0,"rotation":0,"texture":"#0"},"west":{"uv":[11.25,2.5,12.75,3.25],"tintindex":0,"rotation":0,"texture":"#0"},"up":{"uv":[6.0,12.5,5.25,11.0],"tintindex":0,"rotation":0,"texture":"#0"},"down":{"uv":[12.0,4.75,11.25,6.25],"tintindex":0,"rotation":0,"texture":"#0"}}}],"display":{"head":{"rotation":[0.0,0.0,0.0]},"firstperson_righthand":{"rotation":[0.0,0.0,0.0]},"thirdperson_lefthand":{"rotation":[0.0,-0.0,-0.0]},"firstperson_lefthand":{"rotation":[0.0,-0.0,-0.0]},"fixed":{"rotation":[0.0,0.0,0.0]},"ground":{"rotation":[0.0,0.0,0.0]},"thirdperson_righthand":{"rotation":[0.0,0.0,0.0]},"gui":{"rotation":[-150.0,-45.0,180.0]}}}