{"textures":{"0":"modelengine:entity/rpg_skeleton","2":"modelengine:entity/rpg_skeleton_crossbow","particle":"#2"},"elements":[{"from":[3.8692694,11.779829,3.1208591],"to":[11.869269,14.779829,11.120859],"faces":{"east":{"uv":[9.5,2.0,11.5,2.75],"tintindex":0,"rotation":0,"texture":"#2"},"south":{"uv":[9.5,2.75,11.5,3.5],"tintindex":0,"rotation":0,"texture":"#2"},"north":{"uv":[8.5,1.25,10.5,2.0],"tintindex":0,"rotation":0,"texture":"#2"},"west":{"uv":[9.5,3.5,11.5,4.25],"tintindex":0,"rotation":0,"texture":"#2"},"up":{"uv":[8.0,7.0,6.0,5.0],"tintindex":0,"rotation":0,"texture":"#2"},"down":{"uv":[8.5,0.0,6.5,2.0],"tintindex":0,"rotation":0,"texture":"#2"}},"rotation":{"origin":[7.75,14.499998,6.0],"angle":22.5,"axis":"x"}},{"from":[5.352874,7.2720203,2.5],"to":[10.352874,9.27202,6.5],"faces":{"east":{"uv":[11.5,6.25,12.5,6.75],"tintindex":0,"rotation":0,"texture":"#0"},"south":{"uv":[11.25,7.5,12.5,8.0],"tintindex":0,"rotation":0,"texture":"#0"},"north":{"uv":[10.25,6.25,11.5,6.75],"tintindex":0,"rotation":0,"texture":"#0"},"west":{"uv":[11.75,0.75,12.75,1.25],"tintindex":0,"rotation":0,"texture":"#0"},"up":{"uv":[11.25,5.75,10.0,4.75],"tintindex":0,"rotation":0,"texture":"#0"},"down":{"uv":[8.75,10.0,7.5,11.0],"tintindex":0,"rotation":0,"texture":"#0"}}},{"from":[4.852874,9.27202,3.0],"to":[10.852874,11.27202,3.0],"faces":{"south":{"uv":[13.25,9.75,14.75,10.5],"tintindex":0,"rotation":0,"texture":"#0"},"north":{"uv":[14.75,9.75,13.25,10.5],"tintindex":0,"rotation":0,"texture":"#0"}}},{"from":[4.352874,9.27202,2.5],"to":[11.352874,13.27202,9.5],"faces":{"east":{"uv":[8.0,0.0,9.75,1.0],"tintindex":0,"rotation":0,"texture":"#0"},"south":{"uv":[2.0,8.0,3.75,9.0],"tintindex":0,"rotation":0,"texture":"#0"},"north":{"uv":[4.25,7.75,6.0,8.75],"tintindex":0,"rotation":0,"texture":"#0"},"west":{"uv":[8.25,2.75,10.0,3.75],"tintindex":0,"rotation":0,"texture":"#0"},"up":{"uv":[6.25,3.5,4.5,1.75],"tintindex":0,"rotation":0,"texture":"#0"},"down":{"uv":[6.5,3.5,4.75,5.25],"tintindex":0,"rotation":0,"texture":"#0"}}},{"from":[4.217469,5.1068096,4.6594076],"to":[11.417469,11.10681,9.659408],"faces":{"east":{"uv":[1.5,7.75,2.75,9.25],"tintindex":0,"rotation":0,"texture":"#2"},"south":{"uv":[6.75,7.0,8.5,8.5],"tintindex":0,"rotation":0,"texture":"#2"},"north":{"uv":[5.0,7.0,6.75,8.5],"tintindex":0,"rotation":0,"texture":"#2"},"west":{"uv":[6.75,8.5,8.0,10.0],"tintindex":0,"rotation":0,"texture":"#2"},"up":{"uv":[10.25,1.25,8.5,0.0],"tintindex":0,"rotation":0,"texture":"#2"},"down":{"uv":[6.75,8.5,5.0,9.75],"tintindex":0,"rotation":0,"texture":"#2"}}},{"from":[1.8692694,10.779829,1.1208591],"to":[13.869269,11.779829,13.120859],"faces":{"east":{"uv":[9.5,8.5,12.5,8.75],"tintindex":0,"rotation":0,"texture":"#2"},"south":{"uv":[9.5,8.75,12.5,9.0],"tintindex":0,"rotation":0,"texture":"#2"},"north":{"uv":[9.5,4.25,12.5,4.5],"tintindex":0,"rotation":0,"texture":"#2"},"west":{"uv":[9.5,9.0,12.5,9.25],"tintindex":0,"rotation":0,"texture":"#2"},"up":{"uv":[3.0,3.0,0.0,0.0],"tintindex":0,"rotation":0,"texture":"#2"},"down":{"uv":[3.0,3.0,0.0,6.0],"tintindex":0,"rotation":0,"texture":"#2"}},"rotation":{"origin":[7.75,14.499998,6.0],"angle":22.5,"axis":"x"}}],"display":{"head":{"rotation":[0.0,0.0,0.0]},"firstperson_righthand":{"rotation":[0.0,0.0,0.0]},"thirdperson_lefthand":{"rotation":[0.0,-0.0,-0.0]},"firstperson_lefthand":{"rotation":[0.0,-0.0,-0.0]},"fixed":{"rotation":[0.0,0.0,0.0]},"ground":{"rotation":[0.0,0.0,0.0]},"thirdperson_righthand":{"rotation":[0.0,0.0,0.0]},"gui":{"rotation":[-150.0,-45.0,180.0]}}}