{"textures":{"0":"modelengine:entity/rpg_skeleton","particle":"#0"},"elements":[{"from":[7.07193,-0.38895512,4.0],"to":[10.07193,2.611045,8.0],"faces":{"east":{"uv":[12.0,9.0,11.0,9.75],"tintindex":0,"rotation":0,"texture":"#0"},"south":{"uv":[2.5,11.5,1.75,12.25],"tintindex":0,"rotation":0,"texture":"#0"},"north":{"uv":[12.25,1.5,11.5,2.25],"tintindex":0,"rotation":0,"texture":"#0"},"west":{"uv":[10.0,11.0,9.0,11.75],"tintindex":0,"rotation":0,"texture":"#0"},"up":{"uv":[10.0,12.0,10.75,11.0],"tintindex":0,"rotation":0,"texture":"#0"},"down":{"uv":[10.75,11.0,11.5,12.0],"tintindex":0,"rotation":0,"texture":"#0"}},"rotation":{"origin":[8.07193,-0.38895512,5.0],"angle":22.5,"axis":"z"}},{"from":[9.07193,0.6110449,3.0],"to":[11.07193,2.611045,7.0],"faces":{"east":{"uv":[6.5,11.75,5.5,12.25],"tintindex":0,"rotation":0,"texture":"#0"},"south":{"uv":[12.5,9.0,12.0,9.5],"tintindex":0,"rotation":0,"texture":"#0"},"north":{"uv":[8.75,12.0,8.25,12.5],"tintindex":0,"rotation":0,"texture":"#0"},"west":{"uv":[5.5,11.75,4.5,12.25],"tintindex":0,"rotation":0,"texture":"#0"},"up":{"uv":[3.25,12.75,3.75,11.75],"tintindex":0,"rotation":0,"texture":"#0"},"down":{"uv":[6.5,11.75,7.0,12.75],"tintindex":0,"rotation":0,"texture":"#0"}},"rotation":{"origin":[8.07193,-0.38895512,5.0],"angle":22.5,"axis":"z"}},{"from":[6.0,2.0,4.0],"to":[9.0,8.0,8.0],"faces":{"east":{"uv":[4.75,10.0,3.75,11.5],"tintindex":0,"rotation":0,"texture":"#0"},"south":{"uv":[11.75,0.0,11.0,1.5],"tintindex":0,"rotation":0,"texture":"#0"},"north":{"uv":[5.5,10.25,4.75,11.75],"tintindex":0,"rotation":0,"texture":"#0"},"west":{"uv":[11.0,3.25,10.0,4.75],"tintindex":0,"rotation":0,"texture":"#0"},"up":{"uv":[7.5,12.0,8.25,11.0],"tintindex":0,"rotation":0,"texture":"#0"},"down":{"uv":[8.25,11.0,9.0,12.0],"tintindex":0,"rotation":0,"texture":"#0"}}}],"display":{"head":{"rotation":[0.0,0.0,0.0]},"firstperson_righthand":{"rotation":[0.0,0.0,0.0]},"thirdperson_lefthand":{"rotation":[0.0,-0.0,-0.0]},"firstperson_lefthand":{"rotation":[0.0,-0.0,-0.0]},"fixed":{"rotation":[0.0,0.0,0.0]},"ground":{"rotation":[0.0,0.0,0.0]},"thirdperson_righthand":{"rotation":[0.0,0.0,0.0]},"gui":{"rotation":[-150.0,-45.0,180.0]}}}