{"textures":{"0":"modelengine:entity/rpg_skeleton","particle":"#0"},"elements":[{"from":[10.0,-0.5,6.0],"to":[10.0,8.5,10.0],"faces":{"east":{"uv":[2.25,5.75,3.25,8.0],"tintindex":0,"rotation":0,"texture":"#0"},"west":{"uv":[3.25,5.75,2.25,8.0],"tintindex":0,"rotation":0,"texture":"#0"}}}],"display":{"head":{"rotation":[0.0,0.0,0.0]},"firstperson_righthand":{"rotation":[0.0,0.0,0.0]},"thirdperson_lefthand":{"rotation":[0.0,-0.0,-0.0]},"firstperson_lefthand":{"rotation":[0.0,-0.0,-0.0]},"fixed":{"rotation":[0.0,0.0,0.0]},"ground":{"rotation":[0.0,0.0,0.0]},"thirdperson_righthand":{"rotation":[0.0,0.0,0.0]},"gui":{"rotation":[-150.0,-45.0,180.0]}}}