{"textures":{"0":"modelengine:entity/rpg_skeleton","2":"modelengine:entity/rpg_skeleton_crossbow","particle":"#0"},"elements":[{"from":[5.92807,-0.28174496,5.597187],"to":[8.92807,2.718255,9.597187],"faces":{"east":{"uv":[9.0,11.0,10.0,11.75],"tintindex":0,"rotation":0,"texture":"#0"},"south":{"uv":[1.75,11.5,2.5,12.25],"tintindex":0,"rotation":0,"texture":"#0"},"north":{"uv":[11.5,1.5,12.25,2.25],"tintindex":0,"rotation":0,"texture":"#0"},"west":{"uv":[11.0,9.0,12.0,9.75],"tintindex":0,"rotation":0,"texture":"#0"},"up":{"uv":[10.75,12.0,10.0,11.0],"tintindex":0,"rotation":0,"texture":"#0"},"down":{"uv":[11.5,11.0,10.75,12.0],"tintindex":0,"rotation":0,"texture":"#0"}},"rotation":{"origin":[7.92807,-0.28174496,6.597187],"angle":-22.5,"axis":"z"}},{"from":[7.0,-5.0,3.6],"to":[10.0,8.0,5.6],"faces":{"east":{"uv":[8.5,7.0,9.0,10.25],"tintindex":0,"rotation":0,"texture":"#2"},"south":{"uv":[0.75,7.75,1.5,11.0],"tintindex":0,"rotation":0,"texture":"#2"},"north":{"uv":[0.0,7.75,0.75,11.0],"tintindex":0,"rotation":0,"texture":"#2"},"west":{"uv":[8.0,8.5,8.5,11.75],"tintindex":0,"rotation":0,"texture":"#2"},"up":{"uv":[3.75,10.25,3.0,9.75],"tintindex":0,"rotation":0,"texture":"#2"},"down":{"uv":[4.5,9.75,3.75,10.25],"tintindex":0,"rotation":0,"texture":"#2"}}},{"from":[2.0,-5.0,2.6],"to":[7.0,-3.0,5.6],"faces":{"east":{"uv":[6.0,9.75,5.25,10.25],"tintindex":0,"rotation":0,"texture":"#2"},"south":{"uv":[10.75,9.25,9.5,9.75],"tintindex":0,"rotation":0,"texture":"#2"},"north":{"uv":[7.75,4.5,6.5,5.0],"tintindex":0,"rotation":0,"texture":"#2"},"west":{"uv":[10.5,5.0,9.75,5.5],"tintindex":0,"rotation":0,"texture":"#2"},"up":{"uv":[9.5,7.75,10.75,7.0],"tintindex":0,"rotation":0,"texture":"#2"},"down":{"uv":[9.5,7.75,10.75,8.5],"tintindex":0,"rotation":0,"texture":"#2"}}},{"from":[2.0,-3.0,3.1],"to":[4.0,-1.0,5.1],"faces":{"east":{"uv":[10.25,6.5,9.75,7.0],"tintindex":0,"rotation":0,"texture":"#2"},"south":{"uv":[10.25,6.0,9.75,6.5],"tintindex":0,"rotation":0,"texture":"#2"},"north":{"uv":[10.25,5.5,9.75,6.0],"tintindex":0,"rotation":0,"texture":"#2"},"west":{"uv":[6.5,9.75,6.0,10.25],"tintindex":0,"rotation":0,"texture":"#2"},"up":{"uv":[9.5,10.25,10.0,9.75],"tintindex":0,"rotation":0,"texture":"#2"},"down":{"uv":[6.5,10.0,7.0,10.5],"tintindex":0,"rotation":0,"texture":"#2"}}},{"from":[13.0,-3.0,3.1],"to":[15.0,-1.0,5.1],"faces":{"east":{"uv":[6.0,9.75,6.5,10.25],"tintindex":0,"rotation":0,"texture":"#2"},"south":{"uv":[9.75,6.0,10.25,6.5],"tintindex":0,"rotation":0,"texture":"#2"},"north":{"uv":[9.75,5.5,10.25,6.0],"tintindex":0,"rotation":0,"texture":"#2"},"west":{"uv":[9.75,6.5,10.25,7.0],"tintindex":0,"rotation":0,"texture":"#2"},"up":{"uv":[10.0,10.25,9.5,9.75],"tintindex":0,"rotation":0,"texture":"#2"},"down":{"uv":[7.0,10.0,6.5,10.5],"tintindex":0,"rotation":0,"texture":"#2"}}},{"from":[4.92807,0.71825504,4.597187],"to":[6.92807,2.718255,8.597187],"faces":{"east":{"uv":[4.5,11.75,5.5,12.25],"tintindex":0,"rotation":0,"texture":"#0"},"south":{"uv":[12.0,9.0,12.5,9.5],"tintindex":0,"rotation":0,"texture":"#0"},"north":{"uv":[8.25,12.0,8.75,12.5],"tintindex":0,"rotation":0,"texture":"#0"},"west":{"uv":[5.5,11.75,6.5,12.25],"tintindex":0,"rotation":0,"texture":"#0"},"up":{"uv":[3.75,12.75,3.25,11.75],"tintindex":0,"rotation":0,"texture":"#0"},"down":{"uv":[7.0,11.75,6.5,12.75],"tintindex":0,"rotation":0,"texture":"#0"}},"rotation":{"origin":[7.92807,-0.28174496,6.597187],"angle":-22.5,"axis":"z"}},{"from":[1.0,-3.0,3.1],"to":[15.0,7.0,3.1],"faces":{"south":{"uv":[6.5,0.0,3.0,2.5],"tintindex":0,"rotation":0,"texture":"#2"},"north":{"uv":[3.0,0.0,6.5,2.5],"tintindex":0,"rotation":0,"texture":"#2"}}},{"from":[7.0,-5.0,1.5999999],"to":[10.0,-4.0,3.6],"faces":{"east":{"uv":[9.0,10.0,9.5,10.25],"tintindex":0,"rotation":0,"texture":"#2"},"south":{"uv":[7.0,10.0,7.75,10.25],"tintindex":0,"rotation":0,"texture":"#2"},"north":{"uv":[5.0,6.75,5.75,7.0],"tintindex":0,"rotation":0,"texture":"#2"},"west":{"uv":[10.0,9.75,10.5,10.0],"tintindex":0,"rotation":0,"texture":"#2"},"up":{"uv":[5.25,10.25,4.5,9.75],"tintindex":0,"rotation":0,"texture":"#2"},"down":{"uv":[10.5,4.5,9.75,5.0],"tintindex":0,"rotation":0,"texture":"#2"}}},{"from":[10.0,-5.0,2.6],"to":[15.0,-3.0,5.6],"faces":{"east":{"uv":[9.75,5.0,10.5,5.5],"tintindex":0,"rotation":0,"texture":"#2"},"south":{"uv":[9.5,9.25,10.75,9.75],"tintindex":0,"rotation":0,"texture":"#2"},"north":{"uv":[6.5,4.5,7.75,5.0],"tintindex":0,"rotation":0,"texture":"#2"},"west":{"uv":[5.25,9.75,6.0,10.25],"tintindex":0,"rotation":0,"texture":"#2"},"up":{"uv":[10.75,7.75,9.5,7.0],"tintindex":0,"rotation":0,"texture":"#2"},"down":{"uv":[10.75,7.75,9.5,8.5],"tintindex":0,"rotation":0,"texture":"#2"}}},{"from":[7.0,2.1072102,5.597187],"to":[10.0,8.10721,9.597187],"faces":{"east":{"uv":[10.0,3.25,11.0,4.75],"tintindex":0,"rotation":0,"texture":"#0"},"south":{"uv":[11.0,0.0,11.75,1.5],"tintindex":0,"rotation":0,"texture":"#0"},"north":{"uv":[4.75,10.25,5.5,11.75],"tintindex":0,"rotation":0,"texture":"#0"},"west":{"uv":[3.75,10.0,4.75,11.5],"tintindex":0,"rotation":0,"texture":"#0"},"up":{"uv":[8.25,12.0,7.5,11.0],"tintindex":0,"rotation":0,"texture":"#0"},"down":{"uv":[9.0,11.0,8.25,12.0],"tintindex":0,"rotation":0,"texture":"#0"}}}],"display":{"head":{"rotation":[0.0,0.0,0.0]},"firstperson_righthand":{"rotation":[0.0,0.0,0.0]},"thirdperson_lefthand":{"rotation":[0.0,-0.0,-0.0]},"firstperson_lefthand":{"rotation":[0.0,-0.0,-0.0]},"fixed":{"rotation":[0.0,0.0,0.0]},"ground":{"rotation":[0.0,0.0,0.0]},"thirdperson_righthand":{"rotation":[0.0,0.0,0.0]},"gui":{"rotation":[-150.0,-45.0,180.0]}}}