{"textures":{"0":"modelengine:entity/rpg_stone_golem","particle":"#0"},"elements":[{"from":[5.0,5.0,4.0],"to":[11.0,13.0,10.0],"faces":{"east":{"uv":[7.75,8.25,9.25,10.25],"tintindex":0,"rotation":0,"texture":"#0"},"south":{"uv":[0.0,9.25,1.5,11.25],"tintindex":0,"rotation":0,"texture":"#0"},"north":{"uv":[8.0,6.25,9.5,8.25],"tintindex":0,"rotation":0,"texture":"#0"},"west":{"uv":[1.5,9.25,3.0,11.25],"tintindex":0,"rotation":0,"texture":"#0"},"up":{"uv":[7.5,11.25,6.0,9.75],"tintindex":0,"rotation":0,"texture":"#0"},"down":{"uv":[4.5,10.0,3.0,11.5],"tintindex":0,"rotation":0,"texture":"#0"}}}],"display":{"head":{"rotation":[0.0,0.0,0.0]},"firstperson_righthand":{"rotation":[0.0,0.0,0.0]},"thirdperson_lefthand":{"rotation":[0.0,-0.0,-0.0]},"firstperson_lefthand":{"rotation":[0.0,-0.0,-0.0]},"fixed":{"rotation":[0.0,0.0,0.0]},"ground":{"rotation":[0.0,0.0,0.0]},"thirdperson_righthand":{"rotation":[0.0,0.0,0.0]},"gui":{"rotation":[-150.0,-45.0,180.0]}}}