{"textures":{"0":"modelengine:entity/rpg_stone_golem","particle":"#0"},"elements":[{"from":[5.0,4.0,6.0],"to":[9.0,10.0,10.0],"faces":{"east":{"uv":[10.75,7.75,11.75,9.25],"tintindex":0,"rotation":0,"texture":"#0"},"south":{"uv":[11.0,0.0,12.0,1.5],"tintindex":0,"rotation":0,"texture":"#0"},"north":{"uv":[5.5,3.5,6.5,5.0],"tintindex":0,"rotation":0,"texture":"#0"},"west":{"uv":[11.0,1.5,12.0,3.0],"tintindex":0,"rotation":0,"texture":"#0"},"up":{"uv":[2.5,12.25,1.5,11.25],"tintindex":0,"rotation":0,"texture":"#0"},"down":{"uv":[12.25,3.0,11.25,4.0],"tintindex":0,"rotation":0,"texture":"#0"}}}],"display":{"head":{"rotation":[0.0,0.0,0.0]},"firstperson_righthand":{"rotation":[0.0,0.0,0.0]},"thirdperson_lefthand":{"rotation":[0.0,-0.0,-0.0]},"firstperson_lefthand":{"rotation":[0.0,-0.0,-0.0]},"fixed":{"rotation":[0.0,0.0,0.0]},"ground":{"rotation":[0.0,0.0,0.0]},"thirdperson_righthand":{"rotation":[0.0,0.0,0.0]},"gui":{"rotation":[-150.0,-45.0,180.0]}}}