{"textures":{"0":"modelengine:entity/rpg_stone_golem","particle":"#0"},"elements":[{"from":[8.0,2.0,6.0],"to":[12.0,10.0,10.0],"faces":{"east":{"uv":[11.25,10.0,10.25,12.0],"tintindex":0,"rotation":0,"texture":"#0"},"south":{"uv":[8.5,10.25,7.5,12.25],"tintindex":0,"rotation":0,"texture":"#0"},"north":{"uv":[5.5,10.0,4.5,12.0],"tintindex":0,"rotation":0,"texture":"#0"},"west":{"uv":[10.25,10.0,9.25,12.0],"tintindex":0,"rotation":0,"texture":"#0"},"up":{"uv":[11.25,5.0,12.25,4.0],"tintindex":0,"rotation":0,"texture":"#0"},"down":{"uv":[11.25,5.0,12.25,6.0],"tintindex":0,"rotation":0,"texture":"#0"}}}],"display":{"head":{"rotation":[0.0,0.0,0.0]},"firstperson_righthand":{"rotation":[0.0,0.0,0.0]},"thirdperson_lefthand":{"rotation":[0.0,-0.0,-0.0]},"firstperson_lefthand":{"rotation":[0.0,-0.0,-0.0]},"fixed":{"rotation":[0.0,0.0,0.0]},"ground":{"rotation":[0.0,0.0,0.0]},"thirdperson_righthand":{"rotation":[0.0,0.0,0.0]},"gui":{"rotation":[-150.0,-45.0,180.0]}}}