{"textures":{"0":"modelengine:entity/rpg_stone_golem","particle":"#0"},"elements":[{"from":[5.0,-1.0,7.0],"to":[11.0,8.0,13.0],"faces":{"east":{"uv":[9.5,2.25,8.0,4.5],"tintindex":0,"rotation":0,"texture":"#0"},"south":{"uv":[9.5,0.0,8.0,2.25],"tintindex":0,"rotation":0,"texture":"#0"},"north":{"uv":[4.5,7.75,3.0,10.0],"tintindex":0,"rotation":0,"texture":"#0"},"west":{"uv":[6.0,7.75,4.5,10.0],"tintindex":0,"rotation":0,"texture":"#0"},"up":{"uv":[9.75,4.75,11.25,3.25],"tintindex":0,"rotation":0,"texture":"#0"},"down":{"uv":[9.75,4.75,11.25,6.25],"tintindex":0,"rotation":0,"texture":"#0"}}}],"display":{"head":{"rotation":[0.0,0.0,0.0]},"firstperson_righthand":{"rotation":[0.0,0.0,0.0]},"thirdperson_lefthand":{"rotation":[0.0,-0.0,-0.0]},"firstperson_lefthand":{"rotation":[0.0,-0.0,-0.0]},"fixed":{"rotation":[0.0,0.0,0.0]},"ground":{"rotation":[0.0,0.0,0.0]},"thirdperson_righthand":{"rotation":[0.0,0.0,0.0]},"gui":{"rotation":[-150.0,-45.0,180.0]}}}