{"textures":{"0":"modelengine:entity/rpg_stone_golem","particle":"#0"},"elements":[{"from":[7.0,4.0,6.0],"to":[11.0,10.0,10.0],"faces":{"east":{"uv":[12.0,1.5,11.0,3.0],"tintindex":0,"rotation":0,"texture":"#0"},"south":{"uv":[12.0,0.0,11.0,1.5],"tintindex":0,"rotation":0,"texture":"#0"},"north":{"uv":[6.5,3.5,5.5,5.0],"tintindex":0,"rotation":0,"texture":"#0"},"west":{"uv":[11.75,7.75,10.75,9.25],"tintindex":0,"rotation":0,"texture":"#0"},"up":{"uv":[1.5,12.25,2.5,11.25],"tintindex":0,"rotation":0,"texture":"#0"},"down":{"uv":[11.25,3.0,12.25,4.0],"tintindex":0,"rotation":0,"texture":"#0"}}}],"display":{"head":{"rotation":[0.0,0.0,0.0]},"firstperson_righthand":{"rotation":[0.0,0.0,0.0]},"thirdperson_lefthand":{"rotation":[0.0,-0.0,-0.0]},"firstperson_lefthand":{"rotation":[0.0,-0.0,-0.0]},"fixed":{"rotation":[0.0,0.0,0.0]},"ground":{"rotation":[0.0,0.0,0.0]},"thirdperson_righthand":{"rotation":[0.0,0.0,0.0]},"gui":{"rotation":[-150.0,-45.0,180.0]}}}