{"textures":{"0":"modelengine:entity/lr_healthbar","particle":"#0"},"elements":[{"from":[-8.0,3.5,8.0],"to":[24.0,12.5,8.0],"faces":{"south":{"uv":[5.0,10.5,9.5,12.0],"tintindex":0,"rotation":0,"texture":"#0"},"north":{"uv":[5.0,10.5,9.5,12.0],"tintindex":0,"rotation":0,"texture":"#0"}}}],"display":{"head":{"rotation":[0.0,0.0,0.0]},"firstperson_righthand":{"rotation":[0.0,0.0,0.0]},"thirdperson_lefthand":{"rotation":[0.0,-0.0,-0.0]},"firstperson_lefthand":{"rotation":[0.0,-0.0,-0.0]},"fixed":{"rotation":[0.0,0.0,0.0]},"ground":{"rotation":[0.0,0.0,0.0]},"thirdperson_righthand":{"rotation":[0.0,0.0,0.0]},"gui":{"rotation":[-150.0,-45.0,180.0]}}}