{"textures":{"0":"modelengine:entity/rpg_zombie","particle":"#0"},"elements":[{"from":[4.5,8.348623,3.515221],"to":[11.5,11.348623,3.515221],"faces":{"south":{"uv":[10.5,0.0,12.5,0.75],"tintindex":0,"rotation":0,"texture":"#0"},"north":{"uv":[10.5,0.0,12.5,0.75],"tintindex":0,"rotation":0,"texture":"#0"}}},{"from":[4.5,11.348623,2.8152213],"to":[11.5,11.348623,3.515221],"faces":{"up":{"uv":[10.5,0.0,12.25,0.25],"tintindex":0,"rotation":0,"texture":"#0"},"down":{"uv":[10.5,0.0,12.25,0.25],"tintindex":0,"rotation":0,"texture":"#0"}}},{"from":[11.5,8.348623,2.8152213],"to":[11.5,11.348623,3.515221],"faces":{"east":{"uv":[13.0,0.0,13.25,0.75],"tintindex":0,"rotation":0,"texture":"#0"},"west":{"uv":[10.5,0.0,10.75,0.75],"tintindex":0,"rotation":0,"texture":"#0"}}},{"from":[4.5,7.653281,2.729402],"to":[11.5,12.653281,9.729402],"faces":{"east":{"uv":[5.75,0.0,7.5,1.25],"tintindex":0,"rotation":0,"texture":"#0"},"south":{"uv":[5.75,1.25,7.5,2.5],"tintindex":0,"rotation":0,"texture":"#0"},"north":{"uv":[4.75,5.0,6.5,6.25],"tintindex":0,"rotation":0,"texture":"#0"},"west":{"uv":[1.75,5.75,3.5,7.0],"tintindex":0,"rotation":0,"texture":"#0"},"up":{"uv":[1.75,3.75,0.0,2.0],"tintindex":0,"rotation":0,"texture":"#0"},"down":{"uv":[3.5,2.0,1.75,3.75],"tintindex":0,"rotation":0,"texture":"#0"}}},{"from":[5.5,7.7241707,3.1131258],"to":[10.5,8.724171,6.113126],"faces":{"east":{"uv":[5.75,3.5,6.5,3.75],"tintindex":0,"rotation":0,"texture":"#0"},"south":{"uv":[10.0,6.0,11.25,6.25],"tintindex":0,"rotation":0,"texture":"#0"},"north":{"uv":[5.25,10.0,6.5,10.25],"tintindex":0,"rotation":0,"texture":"#0"},"west":{"uv":[10.0,6.25,10.75,6.5],"tintindex":0,"rotation":0,"texture":"#0"},"up":{"uv":[9.75,5.25,8.5,4.5],"tintindex":0,"rotation":0,"texture":"#0"},"down":{"uv":[9.75,5.25,8.5,6.0],"tintindex":0,"rotation":0,"texture":"#0"}},"rotation":{"origin":[7.0,7.2241707,5.613126],"angle":-22.5,"axis":"x"}},{"from":[12.073101,9.767079,2.729402],"to":[12.073101,12.767079,7.729402],"faces":{"east":{"uv":[8.25,1.0,9.5,1.75],"tintindex":0,"rotation":0,"texture":"#0"},"west":{"uv":[8.5,3.75,9.75,4.5],"tintindex":0,"rotation":0,"texture":"#0"}},"rotation":{"origin":[12.073101,11.267079,6.229402],"angle":22.5,"axis":"z"}},{"from":[4.5,8.348623,2.8152213],"to":[11.5,8.348623,3.515221],"faces":{"up":{"uv":[10.5,0.0,12.25,0.25],"tintindex":0,"rotation":0,"texture":"#0"},"down":{"uv":[10.5,0.0,12.25,0.25],"tintindex":0,"rotation":0,"texture":"#0"}}},{"from":[4.5,13.417725,4.5775437],"to":[11.5,13.417725,8.577543],"faces":{"up":{"uv":[7.5,3.5,5.75,2.5],"tintindex":0,"rotation":0,"texture":"#0"},"down":{"uv":[6.5,6.25,4.75,7.25],"tintindex":0,"rotation":0,"texture":"#0"}},"rotation":{"origin":[8.0,13.417725,6.5775437],"angle":-22.5,"axis":"x"}},{"from":[7.0,7.5,2.5],"to":[9.0,8.5,3.5],"faces":{"east":{"uv":[1.0,8.0,1.25,8.25],"tintindex":0,"rotation":0,"texture":"#0"},"south":{"uv":[4.25,8.75,4.75,9.0],"tintindex":0,"rotation":0,"texture":"#0"},"north":{"uv":[4.25,8.5,4.75,8.75],"tintindex":0,"rotation":0,"texture":"#0"},"west":{"uv":[0.75,9.0,1.0,9.25],"tintindex":0,"rotation":0,"texture":"#0"},"up":{"uv":[10.5,6.75,10.0,6.5],"tintindex":0,"rotation":0,"texture":"#0"},"down":{"uv":[8.0,10.0,7.5,10.25],"tintindex":0,"rotation":0,"texture":"#0"}},"rotation":{"origin":[5.5,8.0,3.0],"angle":22.5,"axis":"x"}},{"from":[4.11586,7.8851585,5.6422462],"to":[4.11586,11.885159,8.642246],"faces":{"east":{"uv":[8.5,6.0,9.25,7.0],"tintindex":0,"rotation":0,"texture":"#0"},"west":{"uv":[2.75,8.75,3.5,9.75],"tintindex":0,"rotation":0,"texture":"#0"}},"rotation":{"origin":[3.7346334,10.805522,7.229402],"angle":-22.5,"axis":"z"}},{"from":[4.079256,8.653281,5.844623],"to":[5.079256,11.653281,7.844623],"faces":{"east":{"uv":[1.75,5.0,2.25,5.75],"tintindex":0,"rotation":0,"texture":"#0"},"south":{"uv":[7.25,10.0,7.5,10.75],"tintindex":0,"rotation":0,"texture":"#0"},"north":{"uv":[6.5,10.0,6.75,10.75],"tintindex":0,"rotation":0,"texture":"#0"},"west":{"uv":[1.25,6.25,1.75,7.0],"tintindex":0,"rotation":0,"texture":"#0"},"up":{"uv":[3.5,7.5,3.25,7.0],"tintindex":0,"rotation":0,"texture":"#0"},"down":{"uv":[2.25,8.25,2.0,8.75],"tintindex":0,"rotation":0,"texture":"#0"}},"rotation":{"origin":[4.579256,10.153281,6.844623],"angle":-22.5,"axis":"y"}},{"from":[4.5,8.348623,2.8152213],"to":[4.5,11.348623,3.515221],"faces":{"east":{"uv":[10.5,0.0,10.75,0.75],"tintindex":0,"rotation":0,"texture":"#0"},"west":{"uv":[13.0,0.0,13.25,0.75],"tintindex":0,"rotation":0,"texture":"#0"}}},{"from":[10.540141,8.653281,7.7580404],"to":[11.540141,11.653281,9.75804],"faces":{"east":{"uv":[1.75,6.25,1.25,7.0],"tintindex":0,"rotation":0,"texture":"#0"},"south":{"uv":[7.5,10.0,7.25,10.75],"tintindex":0,"rotation":0,"texture":"#0"},"north":{"uv":[6.75,10.0,6.5,10.75],"tintindex":0,"rotation":0,"texture":"#0"},"west":{"uv":[2.25,5.0,1.75,5.75],"tintindex":0,"rotation":0,"texture":"#0"},"up":{"uv":[3.25,7.5,3.5,7.0],"tintindex":0,"rotation":0,"texture":"#0"},"down":{"uv":[2.0,8.25,2.25,8.75],"tintindex":0,"rotation":0,"texture":"#0"}},"rotation":{"origin":[6.420744,10.153281,6.844623],"angle":22.5,"axis":"y"}}],"display":{"head":{"rotation":[0.0,0.0,0.0]},"firstperson_righthand":{"rotation":[0.0,0.0,0.0]},"thirdperson_lefthand":{"rotation":[0.0,-0.0,-0.0]},"firstperson_lefthand":{"rotation":[0.0,-0.0,-0.0]},"fixed":{"rotation":[0.0,0.0,0.0]},"ground":{"rotation":[0.0,0.0,0.0]},"thirdperson_righthand":{"rotation":[0.0,0.0,0.0]},"gui":{"rotation":[-150.0,-45.0,180.0]}}}