{"textures":{"0":"modelengine:entity/rpg_mushroom","particle":"#0"},"elements":[{"from":[0.0,8.0,0.0],"to":[16.0,12.0,16.0],"faces":{"east":{"uv":[4.0,1.0,8.0,2.0],"tintindex":0,"rotation":0,"texture":"#0"},"south":{"uv":[4.0,2.0,8.0,3.0],"tintindex":0,"rotation":0,"texture":"#0"},"north":{"uv":[4.0,0.0,8.0,1.0],"tintindex":0,"rotation":0,"texture":"#0"},"west":{"uv":[4.0,3.0,8.0,4.0],"tintindex":0,"rotation":0,"texture":"#0"},"up":{"uv":[4.0,4.0,0.0,0.0],"tintindex":0,"rotation":0,"texture":"#0"},"down":{"uv":[4.0,4.0,0.0,8.0],"tintindex":0,"rotation":0,"texture":"#0"}}},{"from":[4.0,12.0,4.0],"to":[12.0,17.0,12.0],"faces":{"east":{"uv":[4.0,8.0,6.0,9.25],"tintindex":0,"rotation":0,"texture":"#0"},"south":{"uv":[8.0,4.75,10.0,6.0],"tintindex":0,"rotation":0,"texture":"#0"},"north":{"uv":[8.0,3.5,10.0,4.75],"tintindex":0,"rotation":0,"texture":"#0"},"west":{"uv":[6.0,8.0,8.0,9.25],"tintindex":0,"rotation":0,"texture":"#0"},"up":{"uv":[6.0,6.0,4.0,4.0],"tintindex":0,"rotation":0,"texture":"#0"},"down":{"uv":[6.0,6.0,4.0,8.0],"tintindex":0,"rotation":0,"texture":"#0"}}}],"display":{"head":{"rotation":[0.0,0.0,0.0]},"firstperson_righthand":{"rotation":[0.0,0.0,0.0]},"thirdperson_lefthand":{"rotation":[0.0,-0.0,-0.0]},"firstperson_lefthand":{"rotation":[0.0,-0.0,-0.0]},"fixed":{"rotation":[0.0,0.0,0.0]},"ground":{"rotation":[0.0,0.0,0.0]},"thirdperson_righthand":{"rotation":[0.0,0.0,0.0]},"gui":{"rotation":[-150.0,-45.0,180.0]}}}