{"textures":{"0":"modelengine:entity/rpg_mushroom","particle":"#0"},"elements":[{"from":[6.0,5.0,7.0],"to":[9.0,9.0,10.0],"faces":{"east":{"uv":[10.25,9.25,9.5,10.25],"tintindex":0,"rotation":0,"texture":"#0"},"south":{"uv":[10.25,8.25,9.5,9.25],"tintindex":0,"rotation":0,"texture":"#0"},"north":{"uv":[7.75,9.25,7.0,10.25],"tintindex":0,"rotation":0,"texture":"#0"},"west":{"uv":[10.25,7.25,9.5,8.25],"tintindex":0,"rotation":0,"texture":"#0"},"up":{"uv":[0.0,10.5,0.75,9.75],"tintindex":0,"rotation":0,"texture":"#0"},"down":{"uv":[0.75,9.75,1.5,10.5],"tintindex":0,"rotation":0,"texture":"#0"}}}],"display":{"head":{"rotation":[0.0,0.0,0.0]},"firstperson_righthand":{"rotation":[0.0,0.0,0.0]},"thirdperson_lefthand":{"rotation":[0.0,-0.0,-0.0]},"firstperson_lefthand":{"rotation":[0.0,-0.0,-0.0]},"fixed":{"rotation":[0.0,0.0,0.0]},"ground":{"rotation":[0.0,0.0,0.0]},"thirdperson_righthand":{"rotation":[0.0,0.0,0.0]},"gui":{"rotation":[-150.0,-45.0,180.0]}}}