{"overrides":[{"predicate":{"custom_model_data":1},"model":"modelengine:rpg_poison_slime_cube/body"},{"predicate":{"custom_model_data":2},"model":"modelengine:rpg_slime_cube/body"},{"predicate":{"custom_model_data":3},"model":"modelengine:rpg_mushroom_red/hp_bar"},{"predicate":{"custom_model_data":4},"model":"modelengine:rpg_sand_golem/hp_bar"},{"predicate":{"custom_model_data":5},"model":"modelengine:rpg_skeleton_crossbow/body"},{"predicate":{"custom_model_data":6},"model":"modelengine:rpg_bat/hp_bar"},{"predicate":{"custom_model_data":7},"model":"modelengine:lr_healthbar/19"},{"predicate":{"custom_model_data":8},"model":"modelengine:rpg_rat/hp_bar"},{"predicate":{"custom_model_data":9},"model":"modelengine:rpg_rat_undead/hp_bar"},{"predicate":{"custom_model_data":10},"model":"modelengine:rpg_poison_slime_cube/hp_bar"},{"predicate":{"custom_model_data":11},"model":"modelengine:rpg_poison_slime_cube/ribs"},{"predicate":{"custom_model_data":12},"model":"modelengine:rpg_poison_slime_cube/sword"},{"predicate":{"custom_model_data":13},"model":"modelengine:rpg_poison_slime_cube/bone"},{"predicate":{"custom_model_data":14},"model":"modelengine:rpg_poison_slime_cube/base"},{"predicate":{"custom_model_data":15},"model":"modelengine:rpg_rat_undead/body"},{"predicate":{"custom_model_data":16},"model":"modelengine:rpg_poison_slime_cube/skull"},{"predicate":{"custom_model_data":17},"model":"modelengine:rpg_rat_undead/right_front_leg"},{"predicate":{"custom_model_data":18},"model":"modelengine:rpg_rat_undead/right_back_leg"},{"predicate":{"custom_model_data":19},"model":"modelengine:rpg_rat_undead/tail1"},{"predicate":{"custom_model_data":20},"model":"modelengine:rpg_rat_undead/left_front_leg"},{"predicate":{"custom_model_data":21},"model":"modelengine:rpg_rat_undead/head"},{"predicate":{"custom_model_data":22},"model":"modelengine:rpg_rat_undead/left_back_leg"},{"predicate":{"custom_model_data":23},"model":"modelengine:rpg_rat_undead/right_front_shin"},{"predicate":{"custom_model_data":24},"model":"modelengine:rpg_rat_undead/right_back_shin"},{"predicate":{"custom_model_data":25},"model":"modelengine:rpg_rat_undead/tail2"},{"predicate":{"custom_model_data":26},"model":"modelengine:rpg_rat_undead/left_front_shin"},{"predicate":{"custom_model_data":27},"model":"modelengine:rpg_rat_undead/left_back_shin"},{"predicate":{"custom_model_data":28},"model":"modelengine:rpg_rat_undead/right_front_foot"},{"predicate":{"custom_model_data":29},"model":"modelengine:rpg_rat_undead/right_back_foot"},{"predicate":{"custom_model_data":30},"model":"modelengine:rpg_rat_undead/tail3"},{"predicate":{"custom_model_data":31},"model":"modelengine:rpg_rat_undead/left_front_foot"},{"predicate":{"custom_model_data":32},"model":"modelengine:rpg_rat_undead/left_back_foot"},{"predicate":{"custom_model_data":33},"model":"modelengine:rpg_mushroom/hp_bar"},{"predicate":{"custom_model_data":34},"model":"modelengine:rpg_mushroom/base"},{"predicate":{"custom_model_data":35},"model":"modelengine:rpg_mushroom/leg"},{"predicate":{"custom_model_data":36},"model":"modelengine:rpg_mushroom/leg2"},{"predicate":{"custom_model_data":37},"model":"modelengine:rpg_mushroom/base2"},{"predicate":{"custom_model_data":38},"model":"modelengine:rpg_mushroom/cap"},{"predicate":{"custom_model_data":39},"model":"modelengine:rpg_pack_parts/right_hand_loaded"},{"predicate":{"custom_model_data":40},"model":"modelengine:rpg_rat/body"},{"predicate":{"custom_model_data":41},"model":"modelengine:rpg_rat/right_front_leg"},{"predicate":{"custom_model_data":42},"model":"modelengine:rpg_rat/right_back_leg"},{"predicate":{"custom_model_data":43},"model":"modelengine:rpg_rat/tail1"},{"predicate":{"custom_model_data":44},"model":"modelengine:rpg_rat/left_front_leg"},{"predicate":{"custom_model_data":45},"model":"modelengine:rpg_rat/head"},{"predicate":{"custom_model_data":46},"model":"modelengine:rpg_rat/left_back_leg"},{"predicate":{"custom_model_data":47},"model":"modelengine:rpg_rat/right_front_shin"},{"predicate":{"custom_model_data":48},"model":"modelengine:rpg_rat/right_back_shin"},{"predicate":{"custom_model_data":49},"model":"modelengine:rpg_rat/tail2"},{"predicate":{"custom_model_data":50},"model":"modelengine:rpg_rat/left_front_shin"},{"predicate":{"custom_model_data":51},"model":"modelengine:rpg_rat/left_back_shin"},{"predicate":{"custom_model_data":52},"model":"modelengine:rpg_rat/right_front_foot"},{"predicate":{"custom_model_data":53},"model":"modelengine:rpg_rat/right_back_foot"},{"predicate":{"custom_model_data":54},"model":"modelengine:rpg_rat/tail3"},{"predicate":{"custom_model_data":55},"model":"modelengine:rpg_rat/left_front_foot"},{"predicate":{"custom_model_data":56},"model":"modelengine:rpg_rat/left_back_foot"},{"predicate":{"custom_model_data":57},"model":"modelengine:rpg_rat/tail4"},{"predicate":{"custom_model_data":58},"model":"modelengine:lr_healthbar/2"},{"predicate":{"custom_model_data":59},"model":"modelengine:lr_healthbar/20"},{"predicate":{"custom_model_data":60},"model":"modelengine:lr_healthbar/16"},{"predicate":{"custom_model_data":61},"model":"modelengine:lr_healthbar/12"},{"predicate":{"custom_model_data":62},"model":"modelengine:lr_healthbar/6"},{"predicate":{"custom_model_data":63},"model":"modelengine:lr_healthbar/15"},{"predicate":{"custom_model_data":64},"model":"modelengine:lr_healthbar/7"},{"predicate":{"custom_model_data":65},"model":"modelengine:rpg_bat/body"},{"predicate":{"custom_model_data":66},"model":"modelengine:lr_healthbar/4"},{"predicate":{"custom_model_data":67},"model":"modelengine:rpg_bat/left_leg"},{"predicate":{"custom_model_data":68},"model":"modelengine:lr_healthbar/8"},{"predicate":{"custom_model_data":69},"model":"modelengine:rpg_bat/right_wing"},{"predicate":{"custom_model_data":70},"model":"modelengine:lr_healthbar/17"},{"predicate":{"custom_model_data":71},"model":"modelengine:rpg_bat/left_wing"},{"predicate":{"custom_model_data":72},"model":"modelengine:lr_healthbar/10"},{"predicate":{"custom_model_data":73},"model":"modelengine:rpg_bat/tail1"},{"predicate":{"custom_model_data":74},"model":"modelengine:lr_healthbar/3"},{"predicate":{"custom_model_data":75},"model":"modelengine:rpg_bat/right_leg"},{"predicate":{"custom_model_data":76},"model":"modelengine:lr_healthbar/5"},{"predicate":{"custom_model_data":77},"model":"modelengine:rpg_bat/head"},{"predicate":{"custom_model_data":78},"model":"modelengine:rpg_sand_golem/torso"},{"predicate":{"custom_model_data":79},"model":"modelengine:rpg_bat/right_wing2"},{"predicate":{"custom_model_data":80},"model":"modelengine:rpg_sand_golem/right_arm"},{"predicate":{"custom_model_data":81},"model":"modelengine:rpg_sand_golem/right_leg"},{"predicate":{"custom_model_data":82},"model":"modelengine:rpg_bat/left_wing2"},{"predicate":{"custom_model_data":83},"model":"modelengine:rpg_sand_golem/head"},{"predicate":{"custom_model_data":84},"model":"modelengine:rpg_bat/tail2"},{"predicate":{"custom_model_data":85},"model":"modelengine:rpg_sand_golem/left_arm"},{"predicate":{"custom_model_data":86},"model":"modelengine:rpg_sand_golem/left_leg"},{"predicate":{"custom_model_data":87},"model":"modelengine:rpg_sand_golem/right_hand"},{"predicate":{"custom_model_data":88},"model":"modelengine:rpg_sand_golem/right_foot"},{"predicate":{"custom_model_data":89},"model":"modelengine:lr_healthbar/18"},{"predicate":{"custom_model_data":90},"model":"modelengine:lr_healthbar/14"},{"predicate":{"custom_model_data":91},"model":"modelengine:lr_healthbar/13"},{"predicate":{"custom_model_data":92},"model":"modelengine:lr_healthbar/9"},{"predicate":{"custom_model_data":93},"model":"modelengine:lr_healthbar/11"},{"predicate":{"custom_model_data":94},"model":"modelengine:lr_healthbar/1"},{"predicate":{"custom_model_data":95},"model":"modelengine:rpg_skeleton_crossbow/hp_bar"},{"predicate":{"custom_model_data":96},"model":"modelengine:rpg_skeleton_crossbow/right_leg"},{"predicate":{"custom_model_data":97},"model":"modelengine:rpg_skeleton_crossbow/head"},{"predicate":{"custom_model_data":98},"model":"modelengine:rpg_skeleton/body"},{"predicate":{"custom_model_data":99},"model":"modelengine:rpg_skeleton_crossbow/right_arm"},{"predicate":{"custom_model_data":100},"model":"modelengine:rpg_skeleton/hp_bar"},{"predicate":{"custom_model_data":101},"model":"modelengine:rpg_skeleton_crossbow/left_leg"},{"predicate":{"custom_model_data":102},"model":"modelengine:rpg_skeleton/right_leg"},{"predicate":{"custom_model_data":103},"model":"modelengine:rpg_skeleton_crossbow/left_arm"},{"predicate":{"custom_model_data":104},"model":"modelengine:rpg_skeleton/head"},{"predicate":{"custom_model_data":105},"model":"modelengine:rpg_skeleton_crossbow/right_foot"},{"predicate":{"custom_model_data":106},"model":"modelengine:rpg_skeleton/right_arm"},{"predicate":{"custom_model_data":107},"model":"modelengine:rpg_skeleton_crossbow/jaw"},{"predicate":{"custom_model_data":108},"model":"modelengine:rpg_skeleton/left_leg"},{"predicate":{"custom_model_data":109},"model":"modelengine:rpg_skeleton_crossbow/right_hand"},{"predicate":{"custom_model_data":110},"model":"modelengine:rpg_skeleton/left_arm"},{"predicate":{"custom_model_data":111},"model":"modelengine:rpg_skeleton_crossbow/left_foot"},{"predicate":{"custom_model_data":112},"model":"modelengine:rpg_skeleton/right_foot"},{"predicate":{"custom_model_data":113},"model":"modelengine:rpg_sand_golem/left_hand"},{"predicate":{"custom_model_data":114},"model":"modelengine:rpg_skeleton_crossbow/left_hand"},{"predicate":{"custom_model_data":115},"model":"modelengine:rpg_skeleton/jaw"},{"predicate":{"custom_model_data":116},"model":"modelengine:rpg_sand_golem/left_foot"},{"predicate":{"custom_model_data":117},"model":"modelengine:rpg_skeleton/right_hand"},{"predicate":{"custom_model_data":118},"model":"modelengine:rpg_skeleton/left_foot"},{"predicate":{"custom_model_data":119},"model":"modelengine:rpg_skeleton/left_hand"},{"predicate":{"custom_model_data":120},"model":"modelengine:rpg_mushroom_red/base"},{"predicate":{"custom_model_data":121},"model":"modelengine:rpg_slime_cube/hp_bar"},{"predicate":{"custom_model_data":122},"model":"modelengine:rpg_mushroom_red/leg"},{"predicate":{"custom_model_data":123},"model":"modelengine:rpg_slime_cube/ribs"},{"predicate":{"custom_model_data":124},"model":"modelengine:rpg_mushroom_red/leg2"},{"predicate":{"custom_model_data":125},"model":"modelengine:rpg_slime_cube/sword"},{"predicate":{"custom_model_data":126},"model":"modelengine:rpg_mushroom_red/base2"},{"predicate":{"custom_model_data":127},"model":"modelengine:rpg_slime_cube/bone"},{"predicate":{"custom_model_data":128},"model":"modelengine:rpg_mushroom_red/cap"},{"predicate":{"custom_model_data":129},"model":"modelengine:rpg_slime_cube/base"},{"predicate":{"custom_model_data":130},"model":"modelengine:rpg_slime_cube/skull"},{"predicate":{"custom_model_data":131},"model":"modelengine:rpg_zombie_head/head"},{"predicate":{"custom_model_data":132},"model":"modelengine:rpg_zombie_head/jaw"},{"predicate":{"custom_model_data":133},"model":"modelengine:rpg_stone_golem/hp_bar"},{"predicate":{"custom_model_data":134},"model":"modelengine:rpg_stone_golem/torso"},{"predicate":{"custom_model_data":135},"model":"modelengine:rpg_stone_golem/right_arm"},{"predicate":{"custom_model_data":136},"model":"modelengine:rpg_stone_golem/right_leg"},{"predicate":{"custom_model_data":137},"model":"modelengine:rpg_stone_golem/head"},{"predicate":{"custom_model_data":138},"model":"modelengine:rpg_stone_golem/left_arm"},{"predicate":{"custom_model_data":139},"model":"modelengine:rpg_stone_golem/left_leg"},{"predicate":{"custom_model_data":140},"model":"modelengine:rpg_stone_golem/right_hand"},{"predicate":{"custom_model_data":141},"model":"modelengine:rpg_stone_golem/right_foot"},{"predicate":{"custom_model_data":142},"model":"modelengine:rpg_stone_golem/left_hand"},{"predicate":{"custom_model_data":143},"model":"modelengine:rpg_stone_golem/left_foot"},{"predicate":{"custom_model_data":144},"model":"modelengine:rpg_zombie/hp_bar"},{"predicate":{"custom_model_data":145},"model":"modelengine:rpg_zombie/body"},{"predicate":{"custom_model_data":146},"model":"modelengine:rpg_zombie/right_leg"},{"predicate":{"custom_model_data":147},"model":"modelengine:rpg_zombie/right_arm"},{"predicate":{"custom_model_data":148},"model":"modelengine:rpg_zombie/left_leg"},{"predicate":{"custom_model_data":149},"model":"modelengine:rpg_zombie/head"},{"predicate":{"custom_model_data":150},"model":"modelengine:rpg_zombie/left_arm"},{"predicate":{"custom_model_data":151},"model":"modelengine:rpg_zombie/right_shin"},{"predicate":{"custom_model_data":152},"model":"modelengine:rpg_zombie/right_forearm"},{"predicate":{"custom_model_data":153},"model":"modelengine:rpg_zombie/left_shin"},{"predicate":{"custom_model_data":154},"model":"modelengine:rpg_zombie/jaw"},{"predicate":{"custom_model_data":155},"model":"modelengine:rpg_zombie/left_forearm"},{"predicate":{"custom_model_data":156},"model":"modelengine:rpg_zombie/right_foot"},{"predicate":{"custom_model_data":157},"model":"modelengine:rpg_zombie/right_hand"},{"predicate":{"custom_model_data":158},"model":"modelengine:rpg_zombie/left_foot"},{"predicate":{"custom_model_data":159},"model":"modelengine:rpg_zombie/left_hand"}],"parent":"minecraft:item/generated","textures":{"layer0":"minecraft:item/leather_horse_armor"}}