{"textures":{"0":"modelengine:entity/poison_slime_cube","particle":"#0"},"elements":[{"from":[-1.5,6.5,-1.0],"to":[17.5,9.5,17.0],"faces":{"east":{"uv":[11.5,9.75,16.0,10.5],"tintindex":0,"rotation":0,"texture":"#0"},"south":{"uv":[11.25,10.5,16.0,11.25],"tintindex":0,"rotation":0,"texture":"#0"},"north":{"uv":[11.25,9.0,16.0,9.75],"tintindex":0,"rotation":0,"texture":"#0"},"west":{"uv":[11.5,11.25,16.0,12.0],"tintindex":0,"rotation":0,"texture":"#0"},"up":{"uv":[11.25,1.0,16.0,5.5],"tintindex":0,"rotation":0,"texture":"#0"},"down":{"uv":[11.25,1.0,16.0,5.5],"tintindex":0,"rotation":0,"texture":"#0"}}}],"display":{"head":{"rotation":[0.0,0.0,0.0]},"firstperson_righthand":{"rotation":[0.0,0.0,0.0]},"thirdperson_lefthand":{"rotation":[0.0,-0.0,-0.0]},"firstperson_lefthand":{"rotation":[0.0,-0.0,-0.0]},"fixed":{"rotation":[0.0,0.0,0.0]},"ground":{"rotation":[0.0,0.0,0.0]},"thirdperson_righthand":{"rotation":[0.0,0.0,0.0]},"gui":{"rotation":[-150.0,-45.0,180.0]}}}