{"textures":{"0":"modelengine:entity/poison_slime_cube","particle":"#0"},"elements":[{"from":[3.0,11.0,-1.0],"to":[11.0,17.0,6.0],"faces":{"east":{"uv":[12.25,12.75,14.0,14.25],"tintindex":0,"rotation":0,"texture":"#0"},"south":{"uv":[14.0,12.75,16.0,14.25],"tintindex":0,"rotation":0,"texture":"#0"},"north":{"uv":[10.0,13.0,12.0,14.5],"tintindex":0,"rotation":0,"texture":"#0"},"west":{"uv":[10.25,14.5,12.0,16.0],"tintindex":0,"rotation":0,"texture":"#0"},"up":{"uv":[14.0,14.25,16.0,16.0],"tintindex":0,"rotation":0,"texture":"#0"},"down":{"uv":[12.0,14.25,14.0,16.0],"tintindex":0,"rotation":0,"texture":"#0"}}},{"from":[0.0,0.0,0.0],"to":[16.0,16.0,16.0],"faces":{"east":{"uv":[0.0,4.0,4.0,8.0],"tintindex":0,"rotation":0,"texture":"#0"},"south":{"uv":[4.0,0.0,8.0,4.0],"tintindex":0,"rotation":0,"texture":"#0"},"north":{"uv":[0.0,0.0,4.0,4.0],"tintindex":0,"rotation":0,"texture":"#0"},"west":{"uv":[4.0,4.0,8.0,8.0],"tintindex":0,"rotation":0,"texture":"#0"},"up":{"uv":[4.0,12.0,0.0,8.0],"tintindex":0,"rotation":0,"texture":"#0"},"down":{"uv":[12.0,0.0,8.0,4.0],"tintindex":0,"rotation":0,"texture":"#0"}}}],"display":{"head":{"rotation":[0.0,0.0,0.0]},"firstperson_righthand":{"rotation":[0.0,0.0,0.0]},"thirdperson_lefthand":{"rotation":[0.0,-0.0,-0.0]},"firstperson_lefthand":{"rotation":[0.0,-0.0,-0.0]},"fixed":{"rotation":[0.0,0.0,0.0]},"ground":{"rotation":[0.0,0.0,0.0]},"thirdperson_righthand":{"rotation":[0.0,0.0,0.0]},"gui":{"rotation":[-150.0,-45.0,180.0]}}}