{"textures":{"0":"modelengine:entity/poison_slime_cube","particle":"#0"},"elements":[{"from":[7.0,8.0,7.0],"to":[9.0,10.0,9.0],"faces":{"east":{"uv":[8.0,12.25,8.5,12.75],"tintindex":0,"rotation":0,"texture":"#0"},"south":{"uv":[8.0,12.25,8.5,12.75],"tintindex":0,"rotation":0,"texture":"#0"},"north":{"uv":[8.0,12.25,8.5,12.75],"tintindex":0,"rotation":0,"texture":"#0"},"west":{"uv":[8.0,12.25,8.5,12.75],"tintindex":0,"rotation":0,"texture":"#0"},"up":{"uv":[8.0,12.25,8.5,12.75],"tintindex":0,"rotation":0,"texture":"#0"},"down":{"uv":[8.0,12.25,8.5,12.75],"tintindex":0,"rotation":0,"texture":"#0"}}}],"display":{"head":{"rotation":[0.0,0.0,0.0]},"firstperson_righthand":{"rotation":[0.0,0.0,0.0]},"thirdperson_lefthand":{"rotation":[0.0,-0.0,-0.0]},"firstperson_lefthand":{"rotation":[0.0,-0.0,-0.0]},"fixed":{"rotation":[0.0,0.0,0.0]},"ground":{"rotation":[0.0,0.0,0.0]},"thirdperson_righthand":{"rotation":[0.0,0.0,0.0]},"gui":{"rotation":[-150.0,-45.0,180.0]}}}