{"textures":{"0":"modelengine:entity/poison_slime_cube","particle":"#0"},"elements":[{"from":[5.0570903,5.0,12.537012],"to":[8.057091,11.0,12.537012],"faces":{"south":{"uv":[16.0,6.5,15.25,8.0],"tintindex":0,"rotation":0,"texture":"#0"},"north":{"uv":[15.25,6.5,16.0,8.0],"tintindex":0,"rotation":0,"texture":"#0"}},"rotation":{"origin":[6.5570903,8.0,12.537012],"angle":22.5,"axis":"y"}},{"from":[7.9429097,5.0,7.9629874],"to":[7.9429097,11.0,11.962988],"faces":{"east":{"uv":[15.25,6.5,14.25,8.0],"tintindex":0,"rotation":0,"texture":"#0"},"west":{"uv":[14.25,6.5,15.25,8.0],"tintindex":0,"rotation":0,"texture":"#0"}}}],"display":{"head":{"rotation":[0.0,0.0,0.0]},"firstperson_righthand":{"rotation":[0.0,0.0,0.0]},"thirdperson_lefthand":{"rotation":[0.0,-0.0,-0.0]},"firstperson_lefthand":{"rotation":[0.0,-0.0,-0.0]},"fixed":{"rotation":[0.0,0.0,0.0]},"ground":{"rotation":[0.0,0.0,0.0]},"thirdperson_righthand":{"rotation":[0.0,0.0,0.0]},"gui":{"rotation":[-150.0,-45.0,180.0]}}}