{"textures":{"0":"modelengine:entity/poison_slime_cube","particle":"#0"},"elements":[{"from":[5.6102257,8.724861,6.830138],"to":[10.610226,9.724861,8.830139],"faces":{"east":{"uv":[9.25,10.0,9.75,10.25],"tintindex":0,"rotation":0,"texture":"#0"},"south":{"uv":[7.75,9.5,9.0,9.75],"tintindex":0,"rotation":0,"texture":"#0"},"north":{"uv":[9.5,6.0,10.75,6.25],"tintindex":0,"rotation":0,"texture":"#0"},"west":{"uv":[10.0,9.25,10.5,9.5],"tintindex":0,"rotation":0,"texture":"#0"},"up":{"uv":[9.0,9.5,7.75,9.0],"tintindex":0,"rotation":0,"texture":"#0"},"down":{"uv":[10.25,8.0,9.0,8.5],"tintindex":0,"rotation":0,"texture":"#0"}}},{"from":[7.1102257,4.7248607,7.330138],"to":[9.110226,8.724861,8.330139],"faces":{"east":{"uv":[6.5,10.0,6.75,11.0],"tintindex":0,"rotation":0,"texture":"#0"},"south":{"uv":[4.0,9.25,4.5,10.25],"tintindex":0,"rotation":0,"texture":"#0"},"north":{"uv":[6.5,9.0,7.0,10.0],"tintindex":0,"rotation":0,"texture":"#0"},"west":{"uv":[6.75,10.0,7.0,11.0],"tintindex":0,"rotation":0,"texture":"#0"},"up":{"uv":[10.5,9.75,10.0,9.5],"tintindex":0,"rotation":0,"texture":"#0"},"down":{"uv":[10.25,10.0,9.75,10.25],"tintindex":0,"rotation":0,"texture":"#0"}}},{"from":[7.6102257,16.724861,7.330138],"to":[8.610226,17.724861,8.330139],"faces":{"east":{"uv":[10.25,4.5,10.5,4.75],"tintindex":0,"rotation":0,"texture":"#0"},"south":{"uv":[10.25,4.75,10.5,5.0],"tintindex":0,"rotation":0,"texture":"#0"},"north":{"uv":[10.25,4.25,10.5,4.5],"tintindex":0,"rotation":0,"texture":"#0"},"west":{"uv":[5.0,10.25,5.25,10.5],"tintindex":0,"rotation":0,"texture":"#0"},"up":{"uv":[5.5,10.5,5.25,10.25],"tintindex":0,"rotation":0,"texture":"#0"},"down":{"uv":[5.75,10.25,5.5,10.5],"tintindex":0,"rotation":0,"texture":"#0"}}},{"from":[6.6102257,9.724861,7.330138],"to":[9.610226,16.724861,8.330139],"faces":{"east":{"uv":[4.5,9.25,4.75,11.0],"tintindex":0,"rotation":0,"texture":"#0"},"south":{"uv":[7.0,8.0,7.75,9.75],"tintindex":0,"rotation":0,"texture":"#0"},"north":{"uv":[8.0,6.25,8.75,8.0],"tintindex":0,"rotation":0,"texture":"#0"},"west":{"uv":[4.75,9.25,5.0,11.0],"tintindex":0,"rotation":0,"texture":"#0"},"up":{"uv":[10.5,8.0,9.75,7.75],"tintindex":0,"rotation":0,"texture":"#0"},"down":{"uv":[10.75,6.75,10.0,7.0],"tintindex":0,"rotation":0,"texture":"#0"}}}],"display":{"head":{"rotation":[0.0,0.0,0.0]},"firstperson_righthand":{"rotation":[0.0,0.0,0.0]},"thirdperson_lefthand":{"rotation":[0.0,-0.0,-0.0]},"firstperson_lefthand":{"rotation":[0.0,-0.0,-0.0]},"fixed":{"rotation":[0.0,0.0,0.0]},"ground":{"rotation":[0.0,0.0,0.0]},"thirdperson_righthand":{"rotation":[0.0,0.0,0.0]},"gui":{"rotation":[-150.0,-45.0,180.0]}}}