{"textures":{"0":"modelengine:entity/rpg_zombie","particle":"#0"},"elements":[{"from":[6.0,16.5,3.0],"to":[10.0,20.5,7.0],"faces":{"east":{"uv":[7.5,6.0,8.5,7.0],"tintindex":0,"rotation":0,"texture":"#0"},"south":{"uv":[7.75,7.0,8.75,8.0],"tintindex":0,"rotation":0,"texture":"#0"},"north":{"uv":[7.5,5.0,8.5,6.0],"tintindex":0,"rotation":0,"texture":"#0"},"west":{"uv":[0.0,8.0,1.0,9.0],"tintindex":0,"rotation":0,"texture":"#0"},"up":{"uv":[8.75,9.0,7.75,8.0],"tintindex":0,"rotation":0,"texture":"#0"},"down":{"uv":[9.25,0.0,8.25,1.0],"tintindex":0,"rotation":0,"texture":"#0"}},"rotation":{"origin":[8.0,19.0,4.0],"angle":-45.0,"axis":"x"}},{"from":[4.5,7.1047735,5.0677395],"to":[11.5,15.104773,10.0677395],"faces":{"east":{"uv":[2.25,3.75,3.5,5.75],"tintindex":0,"rotation":0,"texture":"#0"},"south":{"uv":[1.75,0.0,3.5,2.0],"tintindex":0,"rotation":0,"texture":"#0"},"north":{"uv":[0.0,0.0,1.75,2.0],"tintindex":0,"rotation":0,"texture":"#0"},"west":{"uv":[3.5,3.75,4.75,5.75],"tintindex":0,"rotation":0,"texture":"#0"},"up":{"uv":[6.5,5.0,4.75,3.75],"tintindex":0,"rotation":0,"texture":"#0"},"down":{"uv":[1.75,5.0,0.0,6.25],"tintindex":0,"rotation":0,"texture":"#0"}}},{"from":[3.5,13.5,3.0],"to":[12.5,18.5,8.0],"faces":{"east":{"uv":[1.25,7.0,2.5,8.25],"tintindex":0,"rotation":0,"texture":"#0"},"south":{"uv":[3.5,1.25,5.75,2.5],"tintindex":0,"rotation":0,"texture":"#0"},"north":{"uv":[3.5,0.0,5.75,1.25],"tintindex":0,"rotation":0,"texture":"#0"},"west":{"uv":[6.5,7.0,7.75,8.25],"tintindex":0,"rotation":0,"texture":"#0"},"up":{"uv":[5.75,3.75,3.5,2.5],"tintindex":0,"rotation":0,"texture":"#0"},"down":{"uv":[2.25,3.75,0.0,5.0],"tintindex":0,"rotation":0,"texture":"#0"}},"rotation":{"origin":[5.5,19.5,5.0],"angle":-22.5,"axis":"x"}}],"display":{"head":{"rotation":[0.0,0.0,0.0]},"firstperson_righthand":{"rotation":[0.0,0.0,0.0]},"thirdperson_lefthand":{"rotation":[0.0,-0.0,-0.0]},"firstperson_lefthand":{"rotation":[0.0,-0.0,-0.0]},"fixed":{"rotation":[0.0,0.0,0.0]},"ground":{"rotation":[0.0,0.0,0.0]},"thirdperson_righthand":{"rotation":[0.0,0.0,0.0]},"gui":{"rotation":[-150.0,-45.0,180.0]}}}