{"textures":{"0":"modelengine:entity/rpg_zombie","particle":"#0"},"elements":[{"from":[6.5,5.5,4.5],"to":[11.5,7.5,8.5],"faces":{"east":{"uv":[9.75,4.0,10.75,4.5],"tintindex":0,"rotation":0,"texture":"#0"},"south":{"uv":[9.25,0.0,10.5,0.5],"tintindex":0,"rotation":0,"texture":"#0"},"north":{"uv":[8.0,9.0,9.25,9.5],"tintindex":0,"rotation":0,"texture":"#0"},"west":{"uv":[4.25,9.75,5.25,10.25],"tintindex":0,"rotation":0,"texture":"#0"},"up":{"uv":[8.75,2.75,7.5,1.75],"tintindex":0,"rotation":0,"texture":"#0"},"down":{"uv":[8.75,2.75,7.5,3.75],"tintindex":0,"rotation":0,"texture":"#0"}},"rotation":{"origin":[8.0,7.0,7.0],"angle":-22.5,"axis":"x"}}],"display":{"head":{"rotation":[0.0,0.0,0.0]},"firstperson_righthand":{"rotation":[0.0,0.0,0.0]},"thirdperson_lefthand":{"rotation":[0.0,-0.0,-0.0]},"firstperson_lefthand":{"rotation":[0.0,-0.0,-0.0]},"fixed":{"rotation":[0.0,0.0,0.0]},"ground":{"rotation":[0.0,0.0,0.0]},"thirdperson_righthand":{"rotation":[0.0,0.0,0.0]},"gui":{"rotation":[-150.0,-45.0,180.0]}}}