{"textures":{"0":"modelengine:entity/rpg_zombie","particle":"#0"},"elements":[{"from":[6.0,2.0,6.0],"to":[10.0,9.0,11.0],"faces":{"east":{"uv":[3.5,5.75,4.75,7.5],"tintindex":0,"rotation":0,"texture":"#0"},"south":{"uv":[6.5,5.25,7.5,7.0],"tintindex":0,"rotation":0,"texture":"#0"},"north":{"uv":[6.5,3.5,7.5,5.25],"tintindex":0,"rotation":0,"texture":"#0"},"west":{"uv":[0.0,6.25,1.25,8.0],"tintindex":0,"rotation":0,"texture":"#0"},"up":{"uv":[4.25,8.75,3.25,7.5],"tintindex":0,"rotation":0,"texture":"#0"},"down":{"uv":[8.5,3.75,7.5,5.0],"tintindex":0,"rotation":0,"texture":"#0"}}}],"display":{"head":{"rotation":[0.0,0.0,0.0]},"firstperson_righthand":{"rotation":[0.0,0.0,0.0]},"thirdperson_lefthand":{"rotation":[0.0,-0.0,-0.0]},"firstperson_lefthand":{"rotation":[0.0,-0.0,-0.0]},"fixed":{"rotation":[0.0,0.0,0.0]},"ground":{"rotation":[0.0,0.0,0.0]},"thirdperson_righthand":{"rotation":[0.0,0.0,0.0]},"gui":{"rotation":[-150.0,-45.0,180.0]}}}