{"textures":{"0":"modelengine:entity/rpg_zombie","particle":"#0"},"elements":[{"from":[6.4001455,4.018503,5.0],"to":[9.400146,8.018503,8.0],"faces":{"east":{"uv":[8.75,7.0,9.5,8.0],"tintindex":0,"rotation":0,"texture":"#0"},"south":{"uv":[8.75,8.0,9.5,9.0],"tintindex":0,"rotation":0,"texture":"#0"},"north":{"uv":[3.5,8.75,4.25,9.75],"tintindex":0,"rotation":0,"texture":"#0"},"west":{"uv":[0.0,9.0,0.75,10.0],"tintindex":0,"rotation":0,"texture":"#0"},"up":{"uv":[10.0,9.75,9.25,9.0],"tintindex":0,"rotation":0,"texture":"#0"},"down":{"uv":[10.25,1.0,9.5,1.75],"tintindex":0,"rotation":0,"texture":"#0"}}},{"from":[6.4001455,1.0185032,5.0],"to":[8.400146,4.018503,8.0],"faces":{"east":{"uv":[9.5,1.75,10.25,2.5],"tintindex":0,"rotation":0,"texture":"#0"},"south":{"uv":[9.25,9.75,9.75,10.5],"tintindex":0,"rotation":0,"texture":"#0"},"north":{"uv":[7.25,8.25,7.75,9.0],"tintindex":0,"rotation":0,"texture":"#0"},"west":{"uv":[9.5,6.75,10.25,7.5],"tintindex":0,"rotation":0,"texture":"#0"},"up":{"uv":[10.25,10.5,9.75,9.75],"tintindex":0,"rotation":0,"texture":"#0"},"down":{"uv":[0.5,10.0,0.0,10.75],"tintindex":0,"rotation":0,"texture":"#0"}}}],"display":{"head":{"rotation":[0.0,0.0,0.0]},"firstperson_righthand":{"rotation":[0.0,0.0,0.0]},"thirdperson_lefthand":{"rotation":[0.0,-0.0,-0.0]},"firstperson_lefthand":{"rotation":[0.0,-0.0,-0.0]},"fixed":{"rotation":[0.0,0.0,0.0]},"ground":{"rotation":[0.0,0.0,0.0]},"thirdperson_righthand":{"rotation":[0.0,0.0,0.0]},"gui":{"rotation":[-150.0,-45.0,180.0]}}}