{"textures":{"0":"modelengine:entity/rpg_zombie","particle":"#0"},"elements":[{"from":[5.0,2.0,6.5],"to":[8.0,9.0,9.5],"faces":{"east":{"uv":[4.75,7.25,5.5,9.0],"tintindex":0,"rotation":0,"texture":"#0"},"south":{"uv":[5.5,7.25,6.25,9.0],"tintindex":0,"rotation":0,"texture":"#0"},"north":{"uv":[2.5,7.0,3.25,8.75],"tintindex":0,"rotation":0,"texture":"#0"},"west":{"uv":[7.5,0.0,8.25,1.75],"tintindex":0,"rotation":0,"texture":"#0"},"up":{"uv":[6.75,10.0,6.0,9.25],"tintindex":0,"rotation":0,"texture":"#0"},"down":{"uv":[10.0,6.0,9.25,6.75],"tintindex":0,"rotation":0,"texture":"#0"}}}],"display":{"head":{"rotation":[0.0,0.0,0.0]},"firstperson_righthand":{"rotation":[0.0,0.0,0.0]},"thirdperson_lefthand":{"rotation":[0.0,-0.0,-0.0]},"firstperson_lefthand":{"rotation":[0.0,-0.0,-0.0]},"fixed":{"rotation":[0.0,0.0,0.0]},"ground":{"rotation":[0.0,0.0,0.0]},"thirdperson_righthand":{"rotation":[0.0,0.0,0.0]},"gui":{"rotation":[-150.0,-45.0,180.0]}}}