{"textures":{"0":"modelengine:entity/rpg_zombie","particle":"#0"},"elements":[{"from":[6.5,6.0,4.0],"to":[9.5,8.0,9.0],"faces":{"east":{"uv":[9.25,0.5,10.5,1.0],"tintindex":0,"rotation":0,"texture":"#0"},"south":{"uv":[2.0,10.0,2.75,10.5],"tintindex":0,"rotation":0,"texture":"#0"},"north":{"uv":[9.75,5.5,10.5,6.0],"tintindex":0,"rotation":0,"texture":"#0"},"west":{"uv":[0.75,9.25,2.0,9.75],"tintindex":0,"rotation":0,"texture":"#0"},"up":{"uv":[9.5,3.0,8.75,1.75],"tintindex":0,"rotation":0,"texture":"#0"},"down":{"uv":[2.75,8.75,2.0,10.0],"tintindex":0,"rotation":0,"texture":"#0"}}}],"display":{"head":{"rotation":[0.0,0.0,0.0]},"firstperson_righthand":{"rotation":[0.0,0.0,0.0]},"thirdperson_lefthand":{"rotation":[0.0,-0.0,-0.0]},"firstperson_lefthand":{"rotation":[0.0,-0.0,-0.0]},"fixed":{"rotation":[0.0,0.0,0.0]},"ground":{"rotation":[0.0,0.0,0.0]},"thirdperson_righthand":{"rotation":[0.0,0.0,0.0]},"gui":{"rotation":[-150.0,-45.0,180.0]}}}