{"textures":{"0":"modelengine:entity/rpg_zombie","particle":"#0"},"elements":[{"from":[6.5,6.0,4.0],"to":[9.5,8.0,9.0],"faces":{"east":{"uv":[2.0,9.25,0.75,9.75],"tintindex":0,"rotation":0,"texture":"#0"},"south":{"uv":[2.75,10.0,2.0,10.5],"tintindex":0,"rotation":0,"texture":"#0"},"north":{"uv":[10.5,5.5,9.75,6.0],"tintindex":0,"rotation":0,"texture":"#0"},"west":{"uv":[10.5,0.5,9.25,1.0],"tintindex":0,"rotation":0,"texture":"#0"},"up":{"uv":[8.75,3.0,9.5,1.75],"tintindex":0,"rotation":0,"texture":"#0"},"down":{"uv":[2.0,8.75,2.75,10.0],"tintindex":0,"rotation":0,"texture":"#0"}}}],"display":{"head":{"rotation":[0.0,0.0,0.0]},"firstperson_righthand":{"rotation":[0.0,0.0,0.0]},"thirdperson_lefthand":{"rotation":[0.0,-0.0,-0.0]},"firstperson_lefthand":{"rotation":[0.0,-0.0,-0.0]},"fixed":{"rotation":[0.0,0.0,0.0]},"ground":{"rotation":[0.0,0.0,0.0]},"thirdperson_righthand":{"rotation":[0.0,0.0,0.0]},"gui":{"rotation":[-150.0,-45.0,180.0]}}}