{"textures":{"0":"modelengine:entity/rpg_zombie","particle":"#0"},"elements":[{"from":[6.5998545,4.018503,5.0],"to":[9.599854,8.018503,8.0],"faces":{"east":{"uv":[0.75,9.0,0.0,10.0],"tintindex":0,"rotation":0,"texture":"#0"},"south":{"uv":[9.5,8.0,8.75,9.0],"tintindex":0,"rotation":0,"texture":"#0"},"north":{"uv":[4.25,8.75,3.5,9.75],"tintindex":0,"rotation":0,"texture":"#0"},"west":{"uv":[9.5,7.0,8.75,8.0],"tintindex":0,"rotation":0,"texture":"#0"},"up":{"uv":[9.25,9.75,10.0,9.0],"tintindex":0,"rotation":0,"texture":"#0"},"down":{"uv":[9.5,1.0,10.25,1.75],"tintindex":0,"rotation":0,"texture":"#0"}}},{"from":[7.5998545,1.0185032,5.0],"to":[9.599854,4.018503,8.0],"faces":{"east":{"uv":[10.25,6.75,9.5,7.5],"tintindex":0,"rotation":0,"texture":"#0"},"south":{"uv":[9.75,9.75,9.25,10.5],"tintindex":0,"rotation":0,"texture":"#0"},"north":{"uv":[7.75,8.25,7.25,9.0],"tintindex":0,"rotation":0,"texture":"#0"},"west":{"uv":[10.25,1.75,9.5,2.5],"tintindex":0,"rotation":0,"texture":"#0"},"up":{"uv":[9.75,10.5,10.25,9.75],"tintindex":0,"rotation":0,"texture":"#0"},"down":{"uv":[0.0,10.0,0.5,10.75],"tintindex":0,"rotation":0,"texture":"#0"}}}],"display":{"head":{"rotation":[0.0,0.0,0.0]},"firstperson_righthand":{"rotation":[0.0,0.0,0.0]},"thirdperson_lefthand":{"rotation":[0.0,-0.0,-0.0]},"firstperson_lefthand":{"rotation":[0.0,-0.0,-0.0]},"fixed":{"rotation":[0.0,0.0,0.0]},"ground":{"rotation":[0.0,0.0,0.0]},"thirdperson_righthand":{"rotation":[0.0,0.0,0.0]},"gui":{"rotation":[-150.0,-45.0,180.0]}}}