{"textures":{"0":"modelengine:entity/rpg_zombie","particle":"#0"},"elements":[{"from":[8.0,2.0,6.5],"to":[11.0,9.0,9.5],"faces":{"east":{"uv":[8.25,0.0,7.5,1.75],"tintindex":0,"rotation":0,"texture":"#0"},"south":{"uv":[6.25,7.25,5.5,9.0],"tintindex":0,"rotation":0,"texture":"#0"},"north":{"uv":[3.25,7.0,2.5,8.75],"tintindex":0,"rotation":0,"texture":"#0"},"west":{"uv":[5.5,7.25,4.75,9.0],"tintindex":0,"rotation":0,"texture":"#0"},"up":{"uv":[6.0,10.0,6.75,9.25],"tintindex":0,"rotation":0,"texture":"#0"},"down":{"uv":[9.25,6.0,10.0,6.75],"tintindex":0,"rotation":0,"texture":"#0"}}}],"display":{"head":{"rotation":[0.0,0.0,0.0]},"firstperson_righthand":{"rotation":[0.0,0.0,0.0]},"thirdperson_lefthand":{"rotation":[0.0,-0.0,-0.0]},"firstperson_lefthand":{"rotation":[0.0,-0.0,-0.0]},"fixed":{"rotation":[0.0,0.0,0.0]},"ground":{"rotation":[0.0,0.0,0.0]},"thirdperson_righthand":{"rotation":[0.0,0.0,0.0]},"gui":{"rotation":[-150.0,-45.0,180.0]}}}