{"textures":{"0":"modelengine:entity/rpg_zombie","particle":"#0"},"elements":[{"from":[6.5,2.0,8.0],"to":[9.5,5.0,11.0],"faces":{"east":{"uv":[3.5,9.75,2.75,10.5],"tintindex":0,"rotation":0,"texture":"#0"},"south":{"uv":[10.5,2.5,9.75,3.25],"tintindex":0,"rotation":0,"texture":"#0"},"north":{"uv":[10.25,8.25,9.5,9.0],"tintindex":0,"rotation":0,"texture":"#0"},"west":{"uv":[1.5,9.75,0.75,10.5],"tintindex":0,"rotation":0,"texture":"#0"},"up":{"uv":[9.75,4.0,10.5,3.25],"tintindex":0,"rotation":0,"texture":"#0"},"down":{"uv":[3.5,9.75,4.25,10.5],"tintindex":0,"rotation":0,"texture":"#0"}}},{"from":[6.5,5.0,8.0],"to":[9.5,8.0,12.0],"faces":{"east":{"uv":[5.25,9.0,4.25,9.75],"tintindex":0,"rotation":0,"texture":"#0"},"south":{"uv":[8.75,9.5,8.0,10.25],"tintindex":0,"rotation":0,"texture":"#0"},"north":{"uv":[10.25,7.5,9.5,8.25],"tintindex":0,"rotation":0,"texture":"#0"},"west":{"uv":[9.75,3.0,8.75,3.75],"tintindex":0,"rotation":0,"texture":"#0"},"up":{"uv":[5.25,10.0,6.0,9.0],"tintindex":0,"rotation":0,"texture":"#0"},"down":{"uv":[7.25,9.0,8.0,10.0],"tintindex":0,"rotation":0,"texture":"#0"}}}],"display":{"head":{"rotation":[0.0,0.0,0.0]},"firstperson_righthand":{"rotation":[0.0,0.0,0.0]},"thirdperson_lefthand":{"rotation":[0.0,-0.0,-0.0]},"firstperson_lefthand":{"rotation":[0.0,-0.0,-0.0]},"fixed":{"rotation":[0.0,0.0,0.0]},"ground":{"rotation":[0.0,0.0,0.0]},"thirdperson_righthand":{"rotation":[0.0,0.0,0.0]},"gui":{"rotation":[-150.0,-45.0,180.0]}}}