{"textures":{"0":"modelengine:entity/rpg_zombie","particle":"#0"},"elements":[{"from":[6.5,7.5,6.0],"to":[7.5,8.5,8.0],"faces":{"east":{"uv":[10.5,9.25,10.0,9.5],"tintindex":0,"rotation":0,"texture":"#0"},"south":{"uv":[9.5,6.75,9.25,7.0],"tintindex":0,"rotation":0,"texture":"#0"},"north":{"uv":[6.25,9.0,6.0,9.25],"tintindex":0,"rotation":0,"texture":"#0"},"west":{"uv":[10.5,9.0,10.0,9.25],"tintindex":0,"rotation":0,"texture":"#0"},"up":{"uv":[2.25,8.75,2.5,8.25],"tintindex":0,"rotation":0,"texture":"#0"},"down":{"uv":[9.5,2.5,9.75,3.0],"tintindex":0,"rotation":0,"texture":"#0"}},"rotation":{"origin":[8.5,6.0,8.0],"angle":22.5,"axis":"z"}},{"from":[7.5,4.5000005,6.0],"to":[9.5,8.5,10.0],"faces":{"east":{"uv":[7.25,8.25,6.25,9.25],"tintindex":0,"rotation":0,"texture":"#0"},"south":{"uv":[7.25,9.25,6.75,10.25],"tintindex":0,"rotation":0,"texture":"#0"},"north":{"uv":[4.75,7.5,4.25,8.5],"tintindex":0,"rotation":0,"texture":"#0"},"west":{"uv":[2.0,8.25,1.0,9.25],"tintindex":0,"rotation":0,"texture":"#0"},"up":{"uv":[8.75,10.5,9.25,9.5],"tintindex":0,"rotation":0,"texture":"#0"},"down":{"uv":[1.5,9.75,2.0,10.75],"tintindex":0,"rotation":0,"texture":"#0"}},"rotation":{"origin":[8.5,6.0,8.0],"angle":22.5,"axis":"z"}},{"from":[6.5,4.5000005,6.0],"to":[7.5,6.5,10.0],"faces":{"east":{"uv":[10.75,5.0,9.75,5.5],"tintindex":0,"rotation":0,"texture":"#0"},"south":{"uv":[10.5,1.5,10.25,2.0],"tintindex":0,"rotation":0,"texture":"#0"},"north":{"uv":[10.5,1.0,10.25,1.5],"tintindex":0,"rotation":0,"texture":"#0"},"west":{"uv":[10.75,4.5,9.75,5.0],"tintindex":0,"rotation":0,"texture":"#0"},"up":{"uv":[6.25,8.25,6.5,7.25],"tintindex":0,"rotation":0,"texture":"#0"},"down":{"uv":[0.5,10.0,0.75,11.0],"tintindex":0,"rotation":0,"texture":"#0"}},"rotation":{"origin":[8.5,6.0,8.0],"angle":22.5,"axis":"z"}}],"display":{"head":{"rotation":[0.0,0.0,0.0]},"firstperson_righthand":{"rotation":[0.0,0.0,0.0]},"thirdperson_lefthand":{"rotation":[0.0,-0.0,-0.0]},"firstperson_lefthand":{"rotation":[0.0,-0.0,-0.0]},"fixed":{"rotation":[0.0,0.0,0.0]},"ground":{"rotation":[0.0,0.0,0.0]},"thirdperson_righthand":{"rotation":[0.0,0.0,0.0]},"gui":{"rotation":[-150.0,-45.0,180.0]}}}