{"textures":{"0":"modelengine:entity/slime_cube","particle":"#0"},"elements":[{"from":[2.2674937,6.5805397,6.8660254],"to":[3.2674937,7.5805397,8.866026],"faces":{"east":{"uv":[10.0,7.0,10.5,7.25],"tintindex":0,"rotation":0,"texture":"#0"},"south":{"uv":[4.25,10.25,4.5,10.5],"tintindex":0,"rotation":0,"texture":"#0"},"north":{"uv":[10.25,4.0,10.5,4.25],"tintindex":0,"rotation":0,"texture":"#0"},"west":{"uv":[10.0,8.5,10.5,8.75],"tintindex":0,"rotation":0,"texture":"#0"},"up":{"uv":[10.25,9.25,10.0,8.75],"tintindex":0,"rotation":0,"texture":"#0"},"down":{"uv":[9.25,10.0,9.0,10.5],"tintindex":0,"rotation":0,"texture":"#0"}}},{"from":[8.267493,6.5805397,6.8660254],"to":[10.267494,8.58054,8.866026],"faces":{"east":{"uv":[9.0,9.5,9.5,10.0],"tintindex":0,"rotation":0,"texture":"#0"},"south":{"uv":[9.5,9.5,10.0,10.0],"tintindex":0,"rotation":0,"texture":"#0"},"north":{"uv":[5.0,9.25,5.5,9.75],"tintindex":0,"rotation":0,"texture":"#0"},"west":{"uv":[5.0,9.75,5.5,10.25],"tintindex":0,"rotation":0,"texture":"#0"},"up":{"uv":[6.0,10.25,5.5,9.75],"tintindex":0,"rotation":0,"texture":"#0"},"down":{"uv":[6.5,9.75,6.0,10.25],"tintindex":0,"rotation":0,"texture":"#0"}}},{"from":[1.2674937,7.5805397,6.8660254],"to":[3.2674937,9.58054,8.866026],"faces":{"east":{"uv":[9.75,7.25,10.25,7.75],"tintindex":0,"rotation":0,"texture":"#0"},"south":{"uv":[7.5,9.75,8.0,10.25],"tintindex":0,"rotation":0,"texture":"#0"},"north":{"uv":[7.0,9.75,7.5,10.25],"tintindex":0,"rotation":0,"texture":"#0"},"west":{"uv":[8.0,9.75,8.5,10.25],"tintindex":0,"rotation":0,"texture":"#0"},"up":{"uv":[9.0,10.25,8.5,9.75],"tintindex":0,"rotation":0,"texture":"#0"},"down":{"uv":[10.5,6.25,10.0,6.75],"tintindex":0,"rotation":0,"texture":"#0"}}},{"from":[3.2674937,7.0805397,7.3660254],"to":[8.267493,8.08054,8.366026],"faces":{"east":{"uv":[10.0,9.75,10.25,10.0],"tintindex":0,"rotation":0,"texture":"#0"},"south":{"uv":[9.5,5.25,10.75,5.5],"tintindex":0,"rotation":0,"texture":"#0"},"north":{"uv":[9.5,5.0,10.75,5.25],"tintindex":0,"rotation":0,"texture":"#0"},"west":{"uv":[4.0,10.25,4.25,10.5],"tintindex":0,"rotation":0,"texture":"#0"},"up":{"uv":[10.75,5.75,9.5,5.5],"tintindex":0,"rotation":0,"texture":"#0"},"down":{"uv":[10.75,5.75,9.5,6.0],"tintindex":0,"rotation":0,"texture":"#0"}}}],"display":{"head":{"rotation":[0.0,0.0,0.0]},"firstperson_righthand":{"rotation":[0.0,0.0,0.0]},"thirdperson_lefthand":{"rotation":[0.0,-0.0,-0.0]},"firstperson_lefthand":{"rotation":[0.0,-0.0,-0.0]},"fixed":{"rotation":[0.0,0.0,0.0]},"ground":{"rotation":[0.0,0.0,0.0]},"thirdperson_righthand":{"rotation":[0.0,0.0,0.0]},"gui":{"rotation":[-150.0,-45.0,180.0]}}}