{"textures":{"0":"modelengine:entity/slime_cube","particle":"#0"},"elements":[{"from":[4.8156443,7.885883,5.09606],"to":[10.815644,11.885882,10.09606],"faces":{"east":{"uv":[7.75,8.0,9.0,9.0],"tintindex":0,"rotation":0,"texture":"#0"},"south":{"uv":[5.5,8.0,7.0,9.0],"tintindex":0,"rotation":0,"texture":"#0"},"north":{"uv":[8.0,5.25,9.5,6.25],"tintindex":0,"rotation":0,"texture":"#0"},"west":{"uv":[8.75,6.25,10.0,7.25],"tintindex":0,"rotation":0,"texture":"#0"},"up":{"uv":[5.5,9.25,4.0,8.0],"tintindex":0,"rotation":0,"texture":"#0"},"down":{"uv":[9.5,4.0,8.0,5.25],"tintindex":0,"rotation":0,"texture":"#0"}}},{"from":[5.8156443,5.885883,5.09606],"to":[9.815644,7.885883,8.09606],"faces":{"east":{"uv":[9.5,4.0,10.25,4.5],"tintindex":0,"rotation":0,"texture":"#0"},"south":{"uv":[9.0,9.0,10.0,9.5],"tintindex":0,"rotation":0,"texture":"#0"},"north":{"uv":[9.0,8.5,10.0,9.0],"tintindex":0,"rotation":0,"texture":"#0"},"west":{"uv":[9.5,4.5,10.25,5.0],"tintindex":0,"rotation":0,"texture":"#0"},"up":{"uv":[9.75,8.0,8.75,7.25],"tintindex":0,"rotation":0,"texture":"#0"},"down":{"uv":[6.5,9.0,5.5,9.75],"tintindex":0,"rotation":0,"texture":"#0"}}}],"display":{"head":{"rotation":[0.0,0.0,0.0]},"firstperson_righthand":{"rotation":[0.0,0.0,0.0]},"thirdperson_lefthand":{"rotation":[0.0,-0.0,-0.0]},"firstperson_lefthand":{"rotation":[0.0,-0.0,-0.0]},"fixed":{"rotation":[0.0,0.0,0.0]},"ground":{"rotation":[0.0,0.0,0.0]},"thirdperson_righthand":{"rotation":[0.0,0.0,0.0]},"gui":{"rotation":[-150.0,-45.0,180.0]}}}